danceability,energy,valence,tempo,loudness,acousticness,speechiness,instrumentalness,mood
0.521,0.592,0.535,157.969,-7.777,0.308,0.0304,0.0,Calm
0.747,0.507,0.438,104.978,-10.171,0.2,0.0358,0.0608,Calm
0.554,0.808,0.372,108.548,-4.169,0.214,0.0368,0.0,Energetic
0.67,0.91,0.786,112.966,-4.07,0.0939,0.0634,0.0,Happy
0.777,0.783,0.939,149.027,-4.477,0.0283,0.26,0.0,Happy
0.7,0.582,0.785,116.712,-5.96,0.0502,0.0356,0.0,Calm
0.669,0.561,0.841,150.069,-6.538,0.495,0.0411,0.00962,Calm
0.467,0.247,0.126,148.101,-12.002,0.612,0.0431,0.000271,Sad
0.492,0.416,0.297,94.926,-10.439,0.686,0.0254,8.61e-05,Sad
0.769,0.722,0.57,119.973,-5.485,0.0584,0.0507,2.56e-06,Calm
0.776,0.667,0.618,130.019,-6.622,0.0146,0.0983,0.3,Calm
0.669,0.586,0.579,107.071,-6.073,0.274,0.054,0.0,Calm
0.608,0.806,0.587,104.032,-3.443,0.121,0.0486,0.0,Energetic
0.722,0.709,0.604,81.012,-4.95,0.0633,0.0273,0.0,Calm
0.742,0.757,0.957,139.982,-4.981,0.0187,0.0421,0.0,Happy
0.562,0.917,0.501,100.987,-2.768,0.0513,0.117,0.0,Energetic
0.734,0.787,0.672,109.939,-3.951,0.126,0.116,0.0,Energetic
0.619,0.843,0.746,122.064,-5.348,0.00948,0.0284,0.000118,Happy
0.53,0.406,0.338,115.94,-7.507,0.656,0.033,0.0,Sad
0.727,0.782,0.655,119.992,-8.529,0.0563,0.042,0.336,Energetic
0.505,0.812,0.664,80.09,-3.986,0.285,0.461,0.0,Energetic
0.701,0.76,0.69,103.969,-5.478,0.107,0.0285,6.54e-05,Energetic
0.894,0.725,0.838,116.988,-4.984,0.00434,0.0432,1.15e-05,Happy
0.833,0.563,0.343,105.008,-5.593,0.528,0.204,1.27e-05,Calm
0.757,0.628,0.321,119.98,-6.715,0.189,0.101,0.0209,Calm
0.638,0.855,0.731,127.986,-4.86,0.00757,0.0264,0.0,Happy
0.741,0.62,0.934,117.038,-5.505,0.0295,0.0412,0.000809,Happy
0.705,0.339,0.457,97.989,-10.612,0.552,0.0278,0.0814,Calm
0.694,0.651,0.471,112.648,-6.968,0.496,0.0784,1.36e-05,Calm
0.635,0.601,0.332,123.994,-6.129,0.246,0.0295,0.0,Calm
0.836,0.691,0.703,167.029,-4.222,0.00586,0.363,0.0,Happy
0.645,0.646,0.295,115.842,-8.334,0.0615,0.0427,3.04e-05,Calm
0.472,0.471,0.219,105.029,-5.692,0.151,0.0603,0.0,Sad
0.744,0.709,0.712,194.055,-5.778,0.0501,0.284,0.0,Happy
0.739,0.904,0.788,167.033,-2.655,0.549,0.0442,1.03e-05,Happy
0.561,0.604,0.242,159.92,-4.409,0.199,0.0337,1.9e-05,Calm
0.646,0.668,0.64,90.969,-5.203,0.491,0.0282,0.0,Calm
0.924,0.668,0.787,128.027,-6.795,0.446,0.0469,0.000594,Happy
0.689,0.454,0.912,159.982,-7.643,0.0351,0.0584,0.00259,Calm
0.504,0.386,0.281,192.004,-10.976,0.502,0.0308,1.53e-05,Sad
0.56,0.681,0.388,155.079,-6.304,0.103,0.244,0.0,Calm
0.898,0.472,0.214,101.061,-7.001,0.0107,0.0776,0.0,Sad
0.487,0.711,0.317,146.921,-4.22,0.000175,0.0322,0.0,Calm
0.848,0.712,0.692,91.98,-3.574,0.221,0.0981,0.0,Calm
0.882,0.645,0.788,114.933,-7.233,0.475,0.0601,4.13e-05,Happy
0.466,0.872,0.806,184.115,-3.344,0.0156,0.0336,0.0,Happy
0.66,0.756,0.838,116.034,-3.743,0.00289,0.032,0.0,Happy
0.579,0.508,0.609,147.125,-9.484,0.00574,0.027,0.000494,Calm
0.502,0.89,0.259,133.52,-5.175,0.000147,0.0364,0.0117,Energetic
0.743,0.446,0.278,123.596,-7.807,0.0039,0.0683,0.118,Sad
0.515,0.43,0.104,91.844,-9.935,0.0097,0.0372,0.000133,Sad
0.5,0.824,0.539,120.125,-5.846,0.00016,0.0388,0.00161,Energetic
0.592,0.767,0.328,96.483,-2.788,0.0021,0.027,0.00165,Energetic
0.445,0.952,0.624,125.304,-5.321,0.09,0.0522,0.0843,Energetic
0.464,0.795,0.612,158.691,-9.267,0.0493,0.0926,0.00244,Energetic
0.828,0.492,0.789,120.151,-9.744,0.0644,0.0276,0.00428,Calm
0.413,0.881,0.364,158.066,-5.541,5.99e-05,0.0367,0.000308,Energetic
0.535,0.716,0.901,94.379,-5.025,0.326,0.0431,0.0,Happy
0.475,0.322,0.387,93.503,-10.687,0.367,0.0283,0.00056,Sad
0.693,0.394,0.721,104.114,-15.882,0.0782,0.0428,0.000694,Calm
0.475,0.899,0.603,152.445,-4.321,0.00375,0.0637,1.91e-05,Energetic
0.442,0.943,0.781,85.064,-3.205,0.00293,0.0602,8.71e-06,Happy
0.559,0.345,0.458,84.581,-13.496,0.0576,0.0459,0.000105,Calm
0.673,0.814,0.728,147.193,-5.411,0.0134,0.0367,0.00293,Happy
0.532,0.767,0.755,127.361,-5.509,0.00287,0.0574,0.000513,Happy
0.723,0.863,0.931,136.302,-7.89,0.0383,0.0338,0.0317,Happy
0.486,0.449,0.549,100.456,-10.298,0.166,0.0267,2.23e-06,Calm
0.412,0.902,0.422,89.74,-11.6,0.0484,0.405,0.131,Energetic
0.55,0.722,0.716,103.886,-11.729,0.25,0.0283,0.0129,Happy
0.394,0.944,0.265,105.338,-6.506,0.00178,0.0761,4.54e-06,Energetic
0.398,0.952,0.584,122.093,-6.042,0.000373,0.061,7.75e-05,Energetic
0.356,0.917,0.518,171.176,-6.006,0.0335,0.0479,0.0,Energetic
0.455,0.589,0.254,124.634,-8.64,0.00184,0.0328,0.00358,Calm
0.438,0.805,0.564,113.253,-6.237,0.00255,0.0624,5.69e-05,Energetic
0.446,0.239,0.298,189.507,-13.945,0.551,0.0316,4.1e-06,Sad
0.721,0.521,0.942,123.118,-8.123,0.0708,0.0613,0.00545,Calm
0.619,0.67,0.777,129.269,-10.322,0.00165,0.0353,0.0109,Happy
0.539,0.828,0.562,105.25,-9.108,0.00067,0.035,0.421,Energetic
0.73,0.487,0.731,114.965,-10.991,0.258,0.0303,0.01,Calm
0.741,0.697,0.774,116.109,-7.028,0.0664,0.0277,2.28e-05,Happy
0.62,0.579,0.691,127.215,-9.307,0.0152,0.0473,6.4e-05,Calm
0.502,0.912,0.72,116.761,-4.556,2.55e-05,0.0564,0.000173,Happy
0.466,0.833,0.661,88.785,-4.215,0.0266,0.304,0.0,Energetic
0.53,0.376,0.188,164.775,-11.913,0.0304,0.04,0.247,Sad
0.482,0.786,0.793,126.755,-5.735,0.00321,0.032,8.88e-05,Happy
0.674,0.789,0.918,129.802,-6.903,0.00178,0.0676,0.00708,Happy
0.519,0.441,0.25,81.334,-14.178,0.0204,0.0353,0.000453,Sad
0.743,0.836,0.82,113.375,-6.465,0.0804,0.116,0.0,Happy
0.932,0.528,0.757,109.975,-6.472,0.115,0.161,0.329,Calm
0.602,0.905,0.411,128.019,-4.046,0.000202,0.0775,0.064,Energetic
0.653,0.519,0.822,98.883,-10.164,0.406,0.0497,0.0209,Calm
0.454,0.946,0.647,138.18,-5.978,0.0223,0.13,0.0,Energetic
0.35,0.828,0.147,105.435,-5.373,0.000217,0.041,0.000161,Energetic
0.489,0.349,0.622,124.348,-14.295,0.676,0.0323,0.0789,Calm
0.587,0.872,0.735,159.925,-5.066,0.018,0.0484,0.0,Happy
0.577,0.808,0.869,151.008,-7.04,0.0338,0.039,1.33e-05,Happy
0.489,0.758,0.435,112.113,-6.491,0.000678,0.0297,0.49,Energetic
0.564,0.932,0.619,112.937,-10.068,0.013,0.0554,0.169,Energetic
0.388,0.338,0.478,177.765,-10.054,0.652,0.0329,3.73e-06,Calm
0.31,0.7,0.763,188.386,-5.678,0.011,0.047,0.00965,Happy
0.548,0.691,0.667,137.145,-13.553,0.015,0.0369,0.106,Calm
0.601,0.532,0.342,136.576,-9.119,0.433,0.0286,5.95e-06,Calm
0.256,0.641,0.382,203.006,-10.283,0.199,0.0552,0.0329,Calm
0.667,0.755,0.883,109.535,-7.246,0.0966,0.069,6.94e-05,Happy
0.671,0.373,0.732,92.718,-18.064,0.257,0.0323,8.01e-05,Calm
0.333,0.927,0.385,141.466,-8.55,0.0029,0.0733,0.000208,Energetic
0.767,0.787,0.964,126.879,-9.897,0.0163,0.0331,0.583,Happy
0.472,0.366,0.171,127.163,-12.595,0.15,0.0286,0.312,Sad
0.437,0.864,0.749,81.394,-7.842,0.396,0.0904,0.0314,Happy
0.509,0.584,0.685,170.411,-4.907,0.0368,0.057,9.96e-05,Calm
0.575,0.912,0.843,117.399,-7.275,0.0916,0.0393,0.00211,Happy
0.654,0.611,0.786,85.387,-10.45,0.0337,0.119,0.000178,Happy
0.529,0.482,0.492,138.453,-11.709,0.7,0.0599,0.0,Calm
0.618,0.748,0.663,134.114,-8.905,0.0384,0.358,4.1e-06,Calm
0.586,0.7,0.897,147.245,-9.558,0.0589,0.0363,0.00125,Happy
0.575,0.318,0.385,104.522,-16.729,0.683,0.109,0.000202,Sad
0.445,0.706,0.768,80.823,-9.803,0.234,0.0461,0.000252,Happy
0.574,0.913,0.423,115.728,-4.793,0.061,0.133,0.00158,Energetic
0.532,0.495,0.308,124.936,-6.662,0.659,0.0343,0.0,Sad
0.284,0.875,0.595,75.009,-6.069,0.00752,0.0422,0.000461,Energetic
0.662,0.737,0.744,103.867,-9.54,0.108,0.0296,0.0191,Happy
0.666,0.936,0.776,91.577,-9.919,0.00244,0.0476,0.086,Happy
0.475,0.432,0.648,94.605,-7.844,0.183,0.0302,0.0,Calm
0.516,0.549,0.907,176.941,-13.741,0.501,0.0373,0.00572,Calm
0.421,0.751,0.789,89.839,-9.584,0.2,0.0472,0.0,Happy
0.324,0.938,0.543,168.131,-7.332,0.032,0.102,0.0321,Energetic
0.267,0.953,0.568,84.989,-4.899,0.00211,0.096,0.0,Energetic
0.465,0.919,0.537,135.997,-4.025,1.83e-05,0.0408,2.07e-05,Energetic
0.741,0.58,0.944,127.402,-9.05,0.117,0.0304,3.61e-05,Calm
0.404,0.72,0.475,121.864,-9.18,5.59e-05,0.0623,0.836,Calm
0.215,0.927,0.49,170.814,-7.327,0.000273,0.0452,0.00661,Energetic
0.651,0.801,0.776,133.769,-7.34,0.123,0.0514,0.0,Happy
0.481,0.262,0.375,122.861,-15.73,0.735,0.0414,0.0114,Sad
0.623,0.449,0.573,84.383,-13.333,0.212,0.0253,0.0,Calm
0.389,0.476,0.566,148.117,-9.342,0.619,0.0316,5.09e-05,Calm
0.526,0.978,0.451,141.167,-5.436,0.00122,0.108,4.75e-05,Energetic
0.297,0.842,0.586,100.127,-7.457,0.000286,0.0488,9.1e-06,Energetic
0.27,0.944,0.606,146.347,-4.199,0.00501,0.0975,2.05e-05,Energetic
0.349,0.182,0.178,136.094,-13.507,0.92,0.031,0.0152,Sad
0.136,0.164,0.071,58.303,-18.756,0.911,0.0364,0.916,Sad
0.184,0.00527,0.151,170.612,-37.264,0.995,0.0432,0.887,Sad
0.447,0.449,0.036,92.468,-10.634,0.934,0.0376,0.961,Sad
0.505,0.812,0.664,80.09,-3.986,0.285,0.461,0.0,Energetic
0.872,0.507,0.506,130.007,-6.323,0.195,0.072,0.0,Calm
0.835,0.802,0.374,128.085,-4.286,0.0311,0.243,7.33e-06,Energetic
0.794,0.533,0.15,120.011,-8.206,0.14,0.0591,2.76e-05,Calm
0.769,0.722,0.57,119.973,-5.485,0.0584,0.0507,2.56e-06,Calm
0.832,0.684,0.68,166.976,-4.691,0.00449,0.359,0.0,Calm
0.65,0.642,0.186,111.907,-5.332,0.00502,0.04,0.0,Calm
0.92,0.699,0.484,129.054,-6.635,0.00768,0.358,0.0,Calm
0.757,0.628,0.321,119.98,-6.715,0.189,0.101,0.0209,Calm
0.749,0.709,0.564,78.53,-6.385,0.155,0.259,0.0,Calm
0.853,0.69,0.471,125.951,-5.858,0.0771,0.0647,0.0,Calm
0.863,0.754,0.301,131.001,-5.851,0.00125,0.0611,0.0,Energetic
0.608,0.4,0.089,106.682,-9.519,0.029,0.32,0.000327,Sad
0.662,0.509,0.549,157.94,-9.159,0.247,0.322,0.0,Calm
0.76,0.663,0.209,143.082,-4.763,0.109,0.0551,0.0,Calm
0.649,0.761,0.313,147.216,-4.204,0.00694,0.152,0.0,Energetic
0.672,0.663,0.381,184.057,-5.984,0.112,0.243,0.0,Calm
0.884,0.681,0.324,114.991,-5.839,0.0439,0.149,0.0,Calm
0.783,0.723,0.294,139.942,-4.881,0.0264,0.135,0.0,Calm
0.652,0.831,0.648,139.905,-5.972,0.0111,0.264,0.0,Energetic
0.776,0.525,0.467,75.013,-6.723,0.0366,0.137,0.0,Calm
0.427,0.5,0.269,63.925,-8.269,0.286,0.141,0.0,Calm
0.731,0.586,0.147,125.845,-7.564,0.116,0.172,0.0,Calm
0.64,0.552,0.112,144.941,-5.679,0.0215,0.129,0.0,Calm
0.898,0.472,0.214,101.061,-7.001,0.0107,0.0776,0.0,Sad
0.77,0.859,0.64,129.77,-3.382,0.362,0.275,0.0,Energetic
0.731,0.685,0.458,121.991,-4.707,0.054,0.12,0.0,Calm
0.916,0.578,0.192,124.005,-6.275,0.00349,0.124,0.00402,Calm
0.694,0.574,0.286,146.007,-6.144,0.193,0.0483,0.0,Calm
0.902,0.867,0.799,131.041,-3.108,0.0678,0.225,0.0,Happy
0.637,0.692,0.427,140.203,-7.231,0.0153,0.164,0.0,Calm
0.675,0.478,0.39,104.563,-10.201,0.0731,0.512,7.8e-06,Sad
0.661,0.878,0.514,82.557,-4.099,0.00289,0.31,0.0,Energetic
0.726,0.396,0.413,78.022,-9.121,0.269,0.283,0.0,Calm
0.974,0.711,0.328,117.038,-5.206,0.0988,0.194,3.92e-05,Calm
0.824,0.527,0.212,77.499,-5.506,0.149,0.118,0.0,Calm
0.638,0.752,0.242,158.042,-6.227,0.0066,0.0385,0.734,Energetic
0.654,0.826,0.417,108.52,-2.93,0.0153,0.354,0.00146,Energetic
0.898,0.472,0.214,101.061,-7.001,0.0107,0.0776,0.0,Sad
0.882,0.764,0.886,140.113,-5.241,0.359,0.204,0.0,Happy
0.64,0.552,0.112,144.941,-5.679,0.0215,0.129,0.0,Calm
0.848,0.632,0.253,123.987,-7.381,0.398,0.277,0.0,Calm
0.548,0.805,0.649,142.096,-5.732,0.212,0.351,0.000405,Energetic
0.772,0.631,0.433,121.854,-5.082,0.0648,0.0431,0.0,Calm
0.871,0.702,0.675,125.089,-8.025,0.296,0.253,0.0,Calm
0.787,0.57,0.733,142.974,-5.881,0.0449,0.225,0.0,Calm
0.709,0.583,0.533,116.624,-5.298,0.138,0.204,2.97e-06,Calm
0.82,0.592,0.4,159.98,-7.002,0.0149,0.29,4.71e-06,Calm
0.85,0.68,0.694,144.006,-6.18,0.732,0.338,0.0,Calm
0.681,0.758,0.331,165.409,-6.524,0.00465,0.188,0.0,Energetic
0.772,0.413,0.211,131.964,-8.194,0.0361,0.0891,0.0,Sad
0.752,0.658,0.387,151.951,-6.297,0.0421,0.342,0.0,Calm
0.548,0.732,0.612,142.791,-5.652,0.125,0.336,0.0,Calm
0.594,0.676,0.472,143.477,-5.808,0.135,0.344,0.0,Calm
0.49,0.618,0.286,99.7,-5.655,0.0221,0.104,3.77e-06,Calm
0.822,0.35,0.346,77.528,-12.207,0.0213,0.574,0.0,Sad
0.804,0.946,0.745,150.141,-5.949,0.002,0.352,0.0,Happy
0.819,0.626,0.415,143.01,-4.574,0.00748,0.202,0.101,Calm
0.696,0.592,0.232,188.051,-6.281,0.152,0.319,0.0,Calm
0.92,0.547,0.606,138.05,-4.98,0.0241,0.272,1.45e-06,Calm
0.793,0.395,0.128,76.984,-5.578,0.277,0.385,1.4e-05,Sad
0.867,0.774,0.549,130.007,-5.791,0.11,0.315,0.0,Energetic
0.578,0.449,0.1,136.006,-6.349,0.0618,0.286,2.17e-06,Sad
0.529,0.673,0.366,165.921,-4.711,0.000307,0.175,2.41e-06,Calm
0.729,0.73,0.41,156.953,-5.14,0.00165,0.261,4.33e-05,Calm
0.964,0.487,0.108,127.05,-6.071,0.00127,0.421,6.07e-06,Sad
0.841,0.732,0.576,149.012,-5.186,0.0115,0.19,2.18e-05,Calm
0.711,0.611,0.144,134.093,-5.453,0.00588,0.33,0.0,Calm
0.847,0.733,0.202,130.029,-6.439,0.00574,0.16,1.04e-05,Calm
0.846,0.48,0.419,143.029,-8.618,0.269,0.359,0.0,Calm
0.88,0.575,0.671,120.031,-6.091,0.415,0.163,0.0,Calm
0.477,0.727,0.227,150.062,-4.053,0.000866,0.286,0.0,Calm
0.853,0.495,0.0774,137.027,-14.63,0.0917,0.14,0.000217,Sad
0.833,0.434,0.281,150.062,-8.795,0.0102,0.431,0.0219,Sad
0.856,0.564,0.483,77.972,-6.295,0.00327,0.392,0.0,Calm
0.79,0.67,0.408,139.956,-5.527,0.377,0.105,2.32e-06,Calm
0.825,0.733,0.62,97.974,-5.625,0.349,0.0969,0.0,Calm
0.574,0.567,0.526,75.965,-7.126,0.164,0.465,0.0,Calm
0.833,0.434,0.281,150.062,-8.795,0.0102,0.431,0.0219,Sad
0.583,0.665,0.463,94.329,-3.885,0.314,0.18,0.0,Calm
0.963,0.346,0.562,119.957,-9.309,0.0355,0.53,0.0,Calm
0.797,0.577,0.17,148.107,-5.617,0.0174,0.195,0.0,Calm
0.88,0.59,0.723,119.97,-4.709,0.08,0.204,0.0,Calm
0.807,0.631,0.126,129.902,-4.883,0.407,0.111,0.0,Calm
0.772,0.413,0.211,131.964,-8.194,0.0361,0.0891,0.0,Sad
0.513,0.822,0.768,165.946,-4.51,0.14,0.383,0.0,Happy
0.926,0.666,0.168,127.079,-5.314,0.0611,0.244,0.0,Calm
0.713,0.575,0.189,145.95,-6.706,0.00669,0.0501,0.0,Calm
0.808,0.586,0.568,124.041,-7.242,0.641,0.169,0.0,Calm
0.814,0.676,0.312,162.012,-4.67,0.00709,0.231,1.28e-05,Calm
0.616,0.928,0.23,109.966,-2.34,0.0168,0.043,0.0,Energetic
0.926,0.542,0.564,135.14,-5.064,0.135,0.293,0.0,Calm
0.851,0.637,0.616,135.055,-6.149,0.225,0.104,0.0,Calm
0.76,0.718,0.557,128.14,-3.017,0.348,0.232,0.0,Calm
0.752,0.748,0.497,115.01,-3.755,0.289,0.0895,0.0,Calm
0.689,0.536,0.349,119.967,-8.861,0.25,0.174,0.0,Calm
0.566,0.531,0.367,118.96,-6.635,0.192,0.0716,0.0,Calm
0.883,0.657,0.284,124.992,-5.748,0.0603,0.305,0.0,Calm
0.753,0.88,0.582,92.055,-3.165,0.455,0.081,0.0,Energetic
0.889,0.496,0.544,86.003,-6.365,0.259,0.0905,0.0,Calm
0.712,0.708,0.634,96.914,-5.715,0.404,0.247,0.0,Calm
0.744,0.696,0.406,120.146,-5.015,0.71,0.117,0.0,Calm
0.523,0.629,0.209,140.101,-4.058,0.156,0.0549,0.0,Calm
0.697,0.735,0.403,99.827,-4.16,0.172,0.0497,0.0,Calm
0.607,0.671,0.316,147.037,-6.934,0.403,0.0863,1.31e-06,Calm
0.784,0.486,0.0894,110.964,-6.497,0.0538,0.0475,0.497,Sad
0.709,0.583,0.533,116.624,-5.298,0.138,0.204,2.97e-06,Calm
0.69,0.385,0.19,129.958,-8.444,0.181,0.0817,0.0,Sad
0.722,0.411,0.503,172.445,-9.963,0.509,0.387,0.0,Calm
0.93,0.484,0.747,133.03,-5.486,0.355,0.259,6.84e-05,Calm
0.883,0.6,0.691,113.903,-7.188,0.114,0.37,7.94e-06,Calm
0.834,0.73,0.446,155.008,-3.714,0.00513,0.222,0.0,Calm
0.573,0.668,0.145,87.973,-4.356,0.189,0.0467,4.01e-05,Calm
0.735,0.603,0.429,135.993,-9.474,0.226,0.203,3.56e-05,Calm
0.567,0.637,0.882,171.264,-4.032,0.499,0.298,0.0346,Happy
0.774,0.874,0.927,118.079,-5.641,0.142,0.0488,0.34,Happy
0.749,0.792,0.903,113.981,-4.621,0.308,0.0402,1.63e-05,Happy
0.455,0.812,0.823,100.049,-3.455,0.372,0.211,0.0,Happy
0.737,0.648,0.746,93.2,-5.493,0.252,0.138,6.92e-06,Happy
0.683,0.814,0.758,93.482,-3.505,0.277,0.0466,0.00826,Happy
0.501,0.683,0.623,145.379,-7.881,0.109,0.211,9.25e-05,Calm
0.502,0.634,0.645,101.837,-3.367,0.677,0.144,0.0341,Calm
0.694,0.651,0.471,112.648,-6.968,0.496,0.0784,1.36e-05,Calm
0.805,0.581,0.528,99.973,-5.091,0.0303,0.0601,0.0202,Calm
0.833,0.563,0.343,105.008,-5.593,0.528,0.204,1.27e-05,Calm
0.779,0.737,0.445,101.923,-4.667,0.134,0.109,0.0,Calm
0.863,0.662,0.307,95.999,-5.855,0.0843,0.21,8.45e-06,Calm
0.69,0.482,0.356,100.029,-6.335,0.523,0.2,0.0004,Sad
0.924,0.668,0.787,128.027,-6.795,0.446,0.0469,0.000594,Happy
0.816,0.762,0.782,90.025,-2.864,0.534,0.0565,0.000404,Happy
0.848,0.718,0.564,105.002,-4.385,0.183,0.0557,1.9e-05,Calm
0.848,0.712,0.692,91.98,-3.574,0.221,0.0981,0.0,Calm
0.687,0.627,0.47,155.865,-4.975,0.326,0.181,0.0,Calm
0.753,0.483,0.826,171.831,-6.436,0.0189,0.273,0.0,Calm
0.556,0.724,0.681,101.097,-3.165,0.267,0.119,0.0,Calm
0.776,0.442,0.838,100.021,-8.99,0.319,0.0575,1.31e-05,Calm
0.658,0.614,0.465,119.893,-6.981,0.105,0.0324,2.18e-05,Calm
0.56,0.681,0.388,155.079,-6.304,0.103,0.244,0.0,Calm
0.707,0.719,0.701,104.033,-4.963,0.223,0.0395,2e-06,Happy
0.716,0.536,0.359,97.541,-7.798,0.452,0.0328,0.0,Calm
0.694,0.594,0.672,125.01,-8.39,0.396,0.0366,0.0,Calm
0.841,0.752,0.67,100.076,-4.735,0.167,0.105,0.00046,Energetic
0.744,0.709,0.712,194.055,-5.778,0.0501,0.284,0.0,Happy
0.786,0.707,0.691,82.045,-4.386,0.0399,0.0635,0.0,Calm
0.742,0.832,0.716,98.582,-4.267,0.0857,0.0325,0.0,Happy
0.773,0.616,0.25,104.008,-4.516,0.0565,0.0416,4.24e-05,Calm
0.724,0.689,0.936,120.208,-7.174,0.573,0.0524,6.77e-06,Happy
0.748,0.74,0.618,117.955,-3.643,0.0292,0.0387,0.000109,Calm
0.691,0.856,0.713,136.0,-5.035,0.2,0.0536,5.09e-05,Happy
0.373,0.464,0.301,79.503,-8.606,0.86,0.256,0.0135,Sad
0.705,0.783,0.454,103.001,-4.783,0.138,0.0403,0.0,Energetic
0.706,0.631,0.289,111.93,-5.812,0.656,0.0366,0.0,Calm
0.55,0.445,0.512,156.023,-9.548,0.262,0.0847,0.00318,Calm
0.666,0.764,0.729,148.853,-6.297,0.366,0.116,0.0,Happy
0.459,0.162,0.483,184.784,-11.634,0.929,0.0425,0.0,Calm
0.783,0.834,0.92,139.995,-4.623,0.539,0.029,0.000212,Happy
0.75,0.682,0.618,100.036,-3.825,0.168,0.0945,1.28e-06,Calm
0.734,0.578,0.88,199.997,-4.147,0.155,0.295,0.000242,Calm
0.745,0.513,0.929,109.935,-9.116,0.783,0.087,0.0,Calm
0.747,0.824,0.793,124.997,-4.353,0.184,0.0348,0.0,Happy
0.809,0.787,0.9,165.07,-3.826,0.126,0.125,0.0011,Happy
0.529,0.356,0.659,169.653,-6.612,0.29,0.0569,0.0,Calm
0.763,0.806,0.594,123.009,-4.946,0.0012,0.0532,1.32e-05,Energetic
0.816,0.872,0.94,128.924,-4.27,0.25,0.0442,3.7e-06,Happy
0.662,0.896,0.79,90.622,-5.311,0.318,0.251,0.0,Happy
0.864,0.59,0.579,161.989,-8.768,0.0196,0.499,0.0,Calm
0.72,0.63,0.512,81.009,-5.549,0.615,0.0413,0.0,Calm
0.603,0.573,0.236,82.941,-5.843,0.478,0.0502,0.0,Calm
0.483,0.468,0.319,135.875,-7.642,0.784,0.0341,0.0,Sad
0.562,0.519,0.415,122.925,-8.744,0.557,0.0326,0.000268,Calm
0.534,0.481,0.293,124.914,-9.016,0.697,0.0412,0.0,Sad
0.526,0.866,0.248,140.266,-5.822,0.00287,0.0568,7.78e-05,Energetic
0.562,0.903,0.791,132.009,-4.46,0.000187,0.0296,0.0939,Happy
0.775,0.585,0.518,109.942,-9.516,0.0422,0.0271,0.619,Calm
0.606,0.957,0.603,105.105,-3.404,0.00117,0.0814,0.000295,Energetic
0.438,0.94,0.421,100.99,-3.249,8.74e-05,0.0452,0.0777,Energetic
0.801,0.795,0.754,79.028,-5.115,0.0417,0.0504,0.000113,Happy
0.578,0.509,0.586,119.945,-6.229,0.13,0.0279,0.734,Calm
0.741,0.62,0.934,117.038,-5.505,0.0295,0.0412,0.000809,Happy
0.633,0.643,0.472,103.842,-8.122,0.106,0.0252,0.00831,Calm
0.565,0.593,0.429,120.509,-5.864,0.0288,0.0883,0.0,Calm
0.593,0.749,0.649,164.959,-5.67,0.0113,0.0475,0.106,Calm
0.815,0.518,0.877,151.891,-6.594,0.223,0.0897,0.0,Calm
0.611,0.846,0.751,103.912,-5.9,0.00509,0.0436,0.0,Happy
0.598,0.924,0.611,168.017,-4.974,0.0205,0.0623,0.799,Energetic
0.654,0.828,0.79,112.056,-5.377,0.00146,0.0281,0.000144,Happy
0.621,0.901,0.744,113.967,-5.396,0.17,0.0302,0.0,Happy
0.898,0.509,0.727,119.869,-7.973,0.391,0.062,0.0,Calm
0.438,0.94,0.421,100.99,-3.249,8.74e-05,0.0452,0.0777,Energetic
0.636,0.572,0.66,131.272,-7.797,0.287,0.0913,0.0,Calm
0.66,0.603,0.527,102.99,-7.7,0.00566,0.025,0.0144,Calm
0.502,0.798,0.307,126.976,-5.909,0.00291,0.0414,1.11e-05,Energetic
0.633,0.684,0.725,209.688,-4.314,0.314,0.591,8.95e-05,Happy
0.665,0.351,0.451,87.057,-9.424,0.516,0.0276,0.819,Calm
0.539,0.521,0.679,106.035,-7.46,0.00425,0.0299,0.0,Calm
0.823,0.544,0.826,121.968,-10.077,0.389,0.0358,0.165,Calm
0.615,0.658,0.293,150.093,-7.299,0.096,0.0343,0.000911,Calm
0.781,0.501,0.961,134.014,-9.767,0.66,0.0333,3.78e-06,Calm
0.668,0.501,0.858,87.086,-13.119,0.342,0.0629,0.0,Calm
0.606,0.361,0.621,121.059,-16.031,0.264,0.0346,3.39e-05,Calm
0.363,0.361,0.612,187.711,-14.398,0.623,0.0499,0.00119,Calm
0.434,0.586,0.239,78.259,-7.612,0.753,0.138,0.0144,Calm
0.545,0.545,0.549,159.94,-7.362,0.667,0.107,5.48e-05,Calm
0.524,0.364,0.436,75.24,-10.209,0.808,0.0367,0.0,Calm
0.662,0.507,0.676,86.412,-8.238,0.257,0.118,0.0,Calm
0.684,0.607,0.498,81.001,-8.127,0.0267,0.1,0.000307,Calm
0.559,0.551,0.392,143.008,-7.231,0.141,0.132,0.0,Calm
0.609,0.444,0.166,118.402,-9.129,0.603,0.106,6.86e-06,Sad
0.689,0.394,0.382,117.489,-10.102,0.711,0.065,0.000905,Sad
0.911,0.551,0.969,92.887,-3.75,0.133,0.045,4.35e-05,Calm
0.662,0.693,0.655,86.009,-4.298,0.134,0.0698,0.0,Calm
0.692,0.684,0.406,112.912,-7.364,0.131,0.155,0.0,Calm
0.372,0.239,0.127,113.451,-11.314,0.856,0.0296,0.000175,Sad
0.81,0.307,0.697,92.995,-7.215,0.16,0.12,0.00298,Calm
0.45,0.352,0.408,102.679,-11.733,0.649,0.267,3.8e-06,Calm
0.665,0.695,0.707,90.119,-5.763,0.347,0.0532,0.0,Happy
0.652,0.609,0.482,95.986,-7.519,0.263,0.037,0.00101,Calm
0.358,0.284,0.276,99.796,-8.285,0.805,0.0285,0.0,Sad
0.583,0.344,0.581,65.203,-8.765,0.774,0.0559,0.0,Calm
0.452,0.574,0.578,92.795,-8.336,0.245,0.311,0.0,Calm
0.704,0.707,0.761,93.145,-6.537,0.539,0.0391,0.00106,Happy
0.536,0.612,0.57,86.768,-5.847,0.119,0.272,0.0,Calm
0.644,0.735,0.418,88.98,-5.747,0.0521,0.0391,0.144,Calm
0.646,0.503,0.789,137.007,-7.472,0.00426,0.0312,0.000279,Calm
0.641,0.552,0.152,90.098,-5.423,0.027,0.0283,4.63e-06,Calm
0.59,0.698,0.352,95.975,-4.262,0.000176,0.0286,0.0,Calm
0.741,0.61,0.72,125.99,-7.34,0.316,0.0511,0.0,Happy
0.838,0.705,0.837,96.644,-6.131,0.195,0.29,0.0,Happy
0.617,0.378,0.22,141.967,-8.54,0.428,0.0315,9.16e-05,Sad
0.716,0.43,0.472,129.93,-8.28,0.482,0.112,0.0,Calm
0.657,0.629,0.726,93.985,-4.938,0.194,0.0782,0.0,Happy
0.347,0.493,0.308,82.887,-11.548,0.455,0.29,0.00366,Sad
0.795,0.594,0.409,135.002,-6.2,0.112,0.0748,0.0,Calm
0.602,0.5,0.395,132.798,-9.377,0.477,0.298,5.69e-05,Calm
0.707,0.618,0.517,133.876,-5.825,0.17,0.19,0.0,Calm
0.796,0.477,0.685,119.928,-7.161,0.314,0.108,0.0,Calm
0.673,0.681,0.707,171.864,-5.693,0.52,0.118,0.0,Happy
0.686,0.588,0.617,94.519,-8.343,0.178,0.0554,0.0,Calm
0.856,0.5,0.886,135.03,-9.393,0.487,0.18,0.0,Calm
0.61,0.725,0.291,146.163,-5.131,0.367,0.15,0.0,Calm
0.816,0.5,0.649,124.037,-4.551,0.0227,0.03,1.53e-06,Calm
0.412,0.876,0.706,130.21,-6.008,0.102,0.472,0.0,Happy
0.81,0.538,0.832,109.97,-5.783,0.53,0.0357,0.0,Calm
0.764,0.394,0.465,92.009,-8.559,0.231,0.152,9.37e-05,Calm
0.727,0.552,0.607,168.19,-8.074,0.226,0.14,0.00016,Calm
0.573,0.712,0.346,140.012,-5.976,0.0572,0.0732,0.0,Calm
0.625,0.576,0.235,179.063,-5.693,0.0543,0.175,4.07e-05,Calm
0.4,0.366,0.161,73.313,-9.405,0.242,0.0597,0.0,Sad
0.549,0.242,0.286,144.211,-11.692,0.809,0.038,8.1e-05,Sad
0.62,0.721,0.77,169.904,-5.538,0.0422,0.0887,0.0075,Happy
0.845,0.467,0.702,138.007,-7.674,0.0586,0.138,0.0,Calm
0.617,0.635,0.446,103.019,-6.769,0.0498,0.0317,1.44e-05,Calm
0.671,0.939,0.53,129.024,-3.206,0.191,0.161,0.0,Energetic
0.475,0.715,0.159,199.892,-5.371,0.0863,0.058,2.67e-05,Calm
0.646,0.823,0.418,128.035,-4.123,0.213,0.0394,0.0,Energetic
0.527,0.835,0.654,125.983,-5.298,0.0166,0.0433,0.0,Energetic
0.88,0.751,0.884,117.948,-4.258,0.177,0.0874,6.43e-05,Happy
0.782,0.685,0.603,118.02,-6.237,0.166,0.0309,1.18e-05,Calm
0.748,0.524,0.661,95.01,-5.599,0.414,0.0338,0.0,Calm
0.468,0.627,0.159,179.642,-5.085,0.0281,0.0476,7.97e-06,Calm
0.596,0.856,0.743,127.949,-3.556,0.0211,0.0346,0.0178,Happy
0.694,0.77,0.163,125.905,-5.335,0.176,0.149,1.1e-05,Energetic
0.581,0.963,0.788,129.992,-4.087,0.0295,0.0981,0.0,Happy
0.604,0.787,0.301,126.062,-3.674,0.0679,0.103,0.15,Energetic
0.664,0.714,0.71,101.969,-6.645,0.0353,0.111,8.42e-06,Happy
0.636,0.815,0.636,123.063,-5.098,0.0185,0.0581,0.0,Energetic
0.579,0.736,0.613,127.999,-3.863,0.31,0.0527,0.0,Calm
0.73,0.777,0.575,130.003,-5.194,0.105,0.0496,0.000486,Energetic
0.533,0.869,0.425,159.805,-5.093,0.156,0.173,0.00538,Energetic
0.414,0.857,0.348,128.024,-4.078,0.0287,0.0808,0.00574,Energetic
0.608,0.86,0.437,127.075,-5.324,0.0991,0.0554,0.0,Energetic
0.794,0.811,0.862,116.047,-8.966,0.0426,0.038,1.07e-06,Happy
0.646,0.741,0.571,123.077,-4.973,0.0275,0.034,0.0,Calm
0.501,0.519,0.168,133.99,-5.88,0.109,0.0409,0.0,Calm
0.793,0.717,0.466,121.985,-4.759,0.0927,0.0393,3.6e-05,Calm
0.772,0.685,0.501,130.039,-6.849,0.019,0.0696,8.96e-05,Calm
0.631,0.927,0.465,123.962,-2.787,0.199,0.0332,0.119,Energetic
0.79,0.593,0.72,119.958,-9.204,0.0983,0.0776,0.00202,Calm
0.735,0.766,0.6,127.975,-4.485,0.025,0.0383,0.00141,Energetic
0.829,0.51,0.45,119.994,-9.334,0.00821,0.0369,0.00143,Calm
0.616,0.869,0.473,127.966,-3.911,0.0283,0.0327,0.0,Energetic
0.544,0.915,0.51,126.094,-3.405,0.129,0.0841,0.000914,Energetic
0.72,0.741,0.357,119.896,-6.529,0.101,0.0287,1.41e-05,Calm
0.613,0.697,0.476,122.746,-8.618,0.0194,0.133,0.0,Calm
0.704,0.634,0.411,113.927,-7.374,0.393,0.0428,3.17e-05,Calm
0.73,0.861,0.704,117.965,-4.1,0.39,0.0451,0.0,Happy
0.621,0.989,0.0348,126.002,-4.225,0.015,0.0434,0.357,Energetic
0.506,0.805,0.383,126.008,-4.119,0.00711,0.0469,0.00193,Energetic
0.583,0.695,0.224,104.879,-5.336,0.0138,0.0423,0.0,Calm
0.498,0.862,0.469,128.036,-6.02,0.000313,0.0588,0.00918,Energetic
0.56,0.857,0.432,119.975,-4.145,0.0594,0.0384,0.0,Energetic
0.509,0.781,0.176,128.0,-3.48,0.0398,0.072,0.0,Energetic
0.596,0.73,0.525,85.979,-4.091,0.24,0.151,0.0,Calm
0.78,0.568,0.459,117.973,-6.96,0.668,0.031,0.000168,Calm
0.778,0.463,0.496,121.999,-7.603,0.546,0.0389,0.00289,Calm
0.674,0.774,0.33,112.05,-7.567,0.0686,0.0892,0.00188,Energetic
0.572,0.81,0.11,126.052,-5.791,0.0157,0.0558,6.53e-06,Energetic
0.751,0.781,0.814,119.977,-3.724,0.0039,0.0862,0.0,Happy
0.799,0.586,0.549,120.97,-6.735,0.162,0.0377,2.03e-06,Calm
0.789,0.72,0.664,122.031,-5.652,0.223,0.218,0.0,Calm
0.798,0.62,0.235,120.031,-7.079,0.414,0.232,0.0192,Calm
0.69,0.622,0.544,102.04,-5.025,0.253,0.0622,0.0,Calm
0.75,0.736,0.355,130.011,-4.168,0.0202,0.155,0.0,Calm
0.713,0.802,0.343,100.001,-7.055,0.0435,0.0561,0.00377,Energetic
0.711,0.906,0.824,125.916,-2.671,0.00952,0.0284,1.64e-05,Happy
0.691,0.921,0.8,130.072,-1.702,0.173,0.0533,0.0,Happy
0.956,0.795,0.841,121.294,-5.311,0.00356,0.15,0.889,Happy
0.551,0.833,0.145,129.885,-5.217,0.0391,0.03,2.77e-06,Energetic
0.883,0.817,0.595,128.078,-5.414,0.601,0.235,0.00449,Energetic
0.503,0.748,0.356,125.896,-4.124,0.0305,0.0619,0.0,Calm
0.599,0.392,0.26,75.066,-6.869,0.378,0.0257,0.000107,Sad
0.561,0.604,0.242,159.92,-4.409,0.199,0.0337,1.9e-05,Calm
0.591,0.473,0.451,152.88,-8.122,0.694,0.0708,0.00334,Calm
0.521,0.592,0.535,157.969,-7.777,0.308,0.0304,0.0,Calm
0.747,0.507,0.438,104.978,-10.171,0.2,0.0358,0.0608,Calm
0.7,0.582,0.785,116.712,-5.96,0.0502,0.0356,0.0,Calm
0.701,0.76,0.69,103.969,-5.478,0.107,0.0285,6.54e-05,Energetic
0.561,0.604,0.242,159.92,-4.409,0.199,0.0337,1.9e-05,Calm
0.569,0.882,0.201,148.038,-2.777,0.0316,0.06,0.0,Energetic
0.635,0.601,0.332,123.994,-6.129,0.246,0.0295,0.0,Calm
0.742,0.757,0.957,139.982,-4.981,0.0187,0.0421,0.0,Happy
0.898,0.472,0.214,101.061,-7.001,0.0107,0.0776,0.0,Sad
0.432,0.583,0.544,181.489,-4.682,0.174,0.0687,0.0,Calm
0.722,0.709,0.604,81.012,-4.95,0.0633,0.0273,0.0,Calm
0.727,0.782,0.655,119.992,-8.529,0.0563,0.042,0.336,Energetic
0.464,0.745,0.262,180.098,-3.202,0.0235,0.161,0.0,Calm
0.669,0.586,0.579,107.071,-6.073,0.274,0.054,0.0,Calm
0.561,0.965,0.304,128.04,-3.673,0.00383,0.0343,7.07e-06,Energetic
0.571,0.544,0.216,132.052,-10.613,0.453,0.0299,0.00805,Calm
0.477,0.854,0.314,140.515,-4.715,0.0858,0.275,0.0,Energetic
0.472,0.471,0.219,105.029,-5.692,0.151,0.0603,0.0,Sad
0.776,0.667,0.618,130.019,-6.622,0.0146,0.0983,0.3,Calm
0.599,0.946,0.747,151.647,-4.263,0.000938,0.0447,0.0106,Happy
0.638,0.855,0.731,127.986,-4.86,0.00757,0.0264,0.0,Happy
0.745,0.642,0.226,179.974,-6.257,0.0204,0.287,0.0,Calm
0.476,0.829,0.505,139.198,-3.806,0.0172,0.0658,0.00916,Energetic
0.64,0.552,0.112,144.941,-5.679,0.0215,0.129,0.0,Calm
0.915,0.453,0.287,139.943,-4.589,0.0872,0.27,0.000163,Sad
0.704,0.787,0.31,119.996,-6.751,0.00926,0.0462,0.00538,Energetic
0.853,0.618,0.32,126.031,-10.833,0.633,0.0923,0.89,Calm
0.701,0.751,0.22,129.994,-8.39,0.123,0.0502,0.0,Energetic
0.804,0.957,0.962,126.035,-5.452,0.125,0.034,0.0174,Happy
0.592,0.457,0.225,146.04,-6.081,0.661,0.0603,0.000331,Sad
0.687,0.792,0.671,100.011,-2.749,0.191,0.0452,0.0,Energetic
0.814,0.676,0.312,162.012,-4.67,0.00709,0.231,1.28e-05,Calm
0.755,0.522,0.925,89.96,-4.368,0.533,0.0575,0.0,Calm
0.847,0.622,0.22,130.001,-6.747,0.119,0.0903,0.0,Calm
0.646,0.668,0.64,90.969,-5.203,0.491,0.0282,0.0,Calm
0.625,0.733,0.244,172.09,-8.757,0.00598,0.0488,0.000983,Calm
0.463,0.642,0.339,83.389,-4.474,0.314,0.34,0.0,Calm
0.634,0.761,0.785,129.963,-4.752,0.00537,0.0472,0.0,Happy
0.921,0.537,0.711,128.009,-5.723,0.556,0.0804,0.00404,Calm
0.808,0.745,0.829,165.995,-5.26,0.145,0.342,0.0,Happy
0.771,0.741,0.19,120.064,-7.132,0.0245,0.0374,0.000163,Calm
0.887,0.727,0.932,130.035,-4.318,0.381,0.135,1.16e-06,Happy
0.673,0.95,0.563,150.019,-5.149,0.0229,0.0488,0.0823,Energetic
0.857,0.62,0.796,120.042,-8.13,0.646,0.0472,0.244,Happy
0.936,0.887,0.889,127.003,-2.76,0.0292,0.0683,1.88e-06,Happy
0.645,0.646,0.295,115.842,-8.334,0.0615,0.0427,3.04e-05,Calm
0.896,0.586,0.642,116.971,-6.687,0.104,0.0559,0.0,Calm
0.943,0.558,0.606,104.983,-4.911,0.0026,0.0568,2.19e-06,Calm
0.732,0.75,0.401,155.096,-6.366,0.00264,0.231,0.0,Energetic
0.882,0.764,0.886,140.113,-5.241,0.359,0.204,0.0,Happy
0.762,0.632,0.282,121.031,-8.312,0.51,0.085,0.000205,Calm
0.829,0.512,0.638,80.511,-5.865,0.492,0.187,0.0,Calm
0.701,0.716,0.732,91.007,-3.671,0.174,0.0361,0.0,Happy
0.681,0.773,0.504,129.923,-4.706,0.0863,0.0345,0.734,Energetic
0.529,0.673,0.366,165.921,-4.711,0.000307,0.175,2.41e-06,Calm
0.709,0.583,0.533,116.624,-5.298,0.138,0.204,2.97e-06,Calm
0.702,0.797,0.0356,122.011,-6.635,0.583,0.0557,0.495,Energetic
0.918,0.681,0.706,139.057,-4.705,0.263,0.201,0.0,Happy
0.671,0.753,0.543,127.926,-6.045,0.019,0.0298,1.29e-05,Energetic
0.62,0.761,0.194,146.003,-7.282,0.207,0.175,0.000147,Energetic
0.904,0.452,0.613,90.026,-7.272,0.174,0.132,0.0,Calm
0.803,0.512,0.435,96.02,-6.871,0.128,0.066,0.0,Calm
0.831,0.643,0.142,139.948,-5.002,0.046,0.11,0.0,Calm
0.574,0.567,0.526,75.965,-7.126,0.164,0.465,0.0,Calm
0.565,0.593,0.429,120.509,-5.864,0.0288,0.0883,0.0,Calm
0.767,0.83,0.187,75.023,-8.78,0.209,0.206,0.836,Energetic
0.628,0.523,0.416,169.982,-8.307,0.701,0.0946,0.00274,Calm
0.777,0.934,0.637,88.009,-0.959,0.285,0.254,3.86e-05,Energetic
0.755,0.927,0.702,109.952,0.254,0.00288,0.0645,0.925,Happy
0.741,0.62,0.934,117.038,-5.505,0.0295,0.0412,0.000809,Happy
0.537,0.64,0.222,130.051,-10.441,0.146,0.104,0.878,Calm
0.817,0.963,0.502,130.028,-3.318,0.0683,0.0353,0.767,Energetic
0.864,0.556,0.726,99.974,-7.683,0.255,0.194,3.85e-06,Calm
0.877,0.803,0.795,130.028,-3.195,0.734,0.0507,0.056,Happy
0.911,0.573,0.972,140.04,-7.43,0.38,0.288,0.0,Calm
0.848,0.629,0.586,130.017,-6.198,0.016,0.0424,0.18,Calm
0.58,0.777,0.589,108.005,-5.69,0.104,0.0655,0.0,Energetic
0.65,0.539,0.253,158.105,-7.281,0.00617,0.0561,2.67e-05,Calm
0.673,0.672,0.14,136.902,-8.577,0.0466,0.224,0.000284,Calm
0.687,0.818,0.886,125.952,-4.221,0.0112,0.0778,0.0,Happy
0.755,0.687,0.381,123.01,-6.247,0.183,0.101,0.000177,Calm
0.83,0.919,0.848,151.221,-2.12,0.503,0.145,0.748,Happy
0.593,0.738,0.591,130.0,-2.956,0.269,0.0351,0.968,Calm
0.613,0.81,0.686,150.251,-6.16,0.832,0.488,0.899,Energetic
0.628,0.967,0.399,149.036,-4.068,0.0398,0.0485,4.67e-05,Energetic
0.686,0.897,0.355,129.975,-7.18,0.0103,0.0386,0.103,Energetic
0.696,0.793,0.698,120.003,-5.733,0.0683,0.097,3.78e-06,Energetic
0.805,0.781,0.818,128.001,-7.225,0.002,0.0434,0.302,Happy
0.721,0.848,0.774,135.048,-3.371,0.26,0.0266,2.11e-06,Happy
0.773,0.742,0.571,114.071,-3.678,0.0206,0.046,0.0,Calm
0.824,0.527,0.212,77.499,-5.506,0.149,0.118,0.0,Calm
0.475,0.655,0.245,163.997,-7.342,0.0306,0.33,0.0,Calm
0.762,0.895,0.757,125.985,-4.562,0.00623,0.0734,0.142,Happy
0.737,0.915,0.304,154.964,-2.749,0.00322,0.0412,2.58e-05,Energetic
0.815,0.85,0.694,106.036,-4.704,0.0232,0.113,0.000143,Energetic
0.76,0.546,0.113,118.051,-13.092,0.0284,0.0616,0.924,Calm
0.585,0.86,0.607,146.441,-5.274,0.0566,0.116,0.000142,Energetic
0.654,0.636,0.267,75.486,-6.904,0.00258,0.0845,0.0,Calm
0.588,0.765,0.492,145.988,-5.914,0.00685,0.0518,3.23e-05,Energetic
0.681,0.758,0.331,165.409,-6.524,0.00465,0.188,0.0,Energetic
0.501,0.683,0.623,145.379,-7.881,0.109,0.211,9.25e-05,Calm
0.726,0.819,0.636,110.14,-7.094,0.477,0.106,9.65e-05,Energetic
0.782,0.529,0.44,112.014,-8.626,0.509,0.0592,1.42e-06,Calm
0.502,0.634,0.645,101.837,-3.367,0.677,0.144,0.0341,Calm
0.754,0.841,0.838,147.989,-4.563,0.136,0.0921,0.0,Happy
0.683,0.814,0.758,93.482,-3.505,0.277,0.0466,0.00826,Happy
0.749,0.792,0.903,113.981,-4.621,0.308,0.0402,1.63e-05,Happy
0.374,0.705,0.718,197.98,-8.37,0.172,0.145,0.0,Happy
0.737,0.648,0.746,93.2,-5.493,0.252,0.138,6.92e-06,Happy
0.897,0.719,0.546,113.012,-7.164,0.116,0.157,0.000531,Calm
0.578,0.52,0.425,95.865,-8.399,0.554,0.151,3.38e-06,Calm
0.49,0.651,0.567,67.813,-6.259,0.714,0.138,7.59e-06,Calm
0.574,0.935,0.836,166.008,-2.783,0.112,0.0926,1.07e-06,Happy
0.577,0.941,0.292,101.921,-5.17,0.00207,0.105,3.36e-06,Energetic
0.531,0.794,0.775,149.923,-4.363,0.0176,0.0964,0.0,Happy
0.479,0.898,0.639,151.99,-4.809,0.0134,0.169,0.0,Energetic
0.853,0.822,0.746,157.013,-6.836,0.0841,0.246,0.00985,Happy
0.545,0.905,0.735,141.131,-3.823,0.103,0.0684,0.0,Happy
0.695,0.571,0.726,101.955,-6.249,0.032,0.111,3.58e-06,Calm
0.693,0.811,0.944,139.959,-5.765,0.395,0.0313,0.0,Happy
0.576,0.808,0.172,115.063,-4.241,0.00615,0.0407,0.0,Energetic
0.436,0.951,0.428,169.955,-4.748,0.0046,0.202,0.0,Energetic
0.829,0.514,0.757,82.05,-5.333,0.439,0.0531,1.45e-06,Calm
0.543,0.836,0.56,105.173,-9.11,0.000647,0.0353,0.431,Energetic
0.285,0.908,0.669,159.756,-4.601,0.0318,0.0705,0.00909,Energetic
0.43,0.704,0.703,118.242,-8.008,0.000155,0.0804,0.00221,Happy
0.417,0.934,0.287,127.066,-3.908,0.000278,0.119,0.0015,Energetic
0.283,0.891,0.226,92.049,-8.165,0.00678,0.178,0.0038,Energetic
0.437,0.695,0.413,102.178,-9.447,0.00111,0.0617,0.0857,Calm
0.365,0.763,0.342,148.366,-9.45,0.00726,0.0591,0.000457,Energetic
0.415,0.908,0.437,114.816,-9.701,0.00437,0.0765,0.0345,Energetic
0.354,0.982,0.194,143.772,-3.026,0.000237,0.168,0.000294,Energetic
0.577,0.828,0.604,123.257,-8.691,0.00213,0.0298,0.0114,Energetic
0.58,0.916,0.683,118.004,-4.358,0.000297,0.0387,0.0259,Energetic
0.353,0.898,0.525,103.299,-5.877,2.23e-05,0.052,0.105,Energetic
0.59,0.963,0.586,125.033,-6.489,8.75e-05,0.0676,0.000105,Energetic
0.554,0.949,0.233,129.984,-4.928,0.000318,0.0787,9.98e-05,Energetic
0.443,0.781,0.372,71.841,-4.277,1.33e-05,0.0377,0.205,Energetic
0.567,0.714,0.191,107.441,-8.512,0.0012,0.0302,0.417,Calm
0.669,0.821,0.684,94.895,-4.37,0.00182,0.29,0.0,Energetic
0.916,0.72,0.761,103.314,-8.548,0.36,0.1,0.00016,Happy
0.836,0.661,0.753,76.71,-6.502,0.0208,0.338,0.0,Happy
0.883,0.733,0.946,95.107,-9.153,0.161,0.128,0.00026,Happy
0.929,0.463,0.755,124.084,-8.651,0.143,0.308,5.3e-06,Calm
0.816,0.775,0.527,93.431,-3.323,0.16,0.234,0.00031,Energetic
0.901,0.697,0.67,93.941,-3.439,0.145,0.28,0.0,Calm
0.535,0.505,0.495,99.935,-8.926,0.0393,0.245,0.0,Calm
0.874,0.63,0.717,95.0,-3.585,0.0578,0.298,0.00479,Happy
0.763,0.786,0.504,93.857,-6.472,0.0146,0.229,0.0114,Energetic
0.584,0.706,0.579,174.039,-7.899,0.209,0.366,0.0,Calm
0.9,0.62,0.867,94.121,-6.518,0.2,0.312,0.00156,Happy
0.889,0.818,0.782,96.063,-4.639,0.47,0.253,0.0,Happy
0.669,0.821,0.684,94.895,-4.37,0.00182,0.29,0.0,Energetic
0.512,0.514,0.565,181.033,-11.562,0.555,0.387,0.00958,Calm
0.897,0.611,0.769,102.304,-10.489,0.0291,0.211,0.186,Happy
0.918,0.734,0.608,97.044,-2.832,0.0296,0.269,8.01e-06,Calm
0.665,0.91,0.887,84.099,-4.682,0.0394,0.223,0.0,Happy
0.934,0.735,0.768,101.368,-6.668,0.031,0.251,8.6e-06,Happy
0.773,0.54,0.322,84.115,-7.123,0.371,0.103,0.0,Calm
0.813,0.703,0.241,94.828,-5.077,0.125,0.268,1.26e-06,Calm
0.845,0.884,0.904,104.536,-4.506,0.0128,0.0759,2.1e-06,Happy
0.848,0.666,0.744,96.662,-6.547,0.173,0.274,0.000699,Happy
0.598,0.732,0.595,172.329,-7.013,0.144,0.425,0.0,Calm
0.532,0.767,0.755,127.361,-5.509,0.00287,0.0574,0.000513,Happy
0.645,0.795,0.535,112.067,-12.095,0.347,0.0527,0.00389,Energetic
0.491,0.802,0.472,119.25,-7.106,0.25,0.0392,0.0,Energetic
0.671,0.373,0.732,92.718,-18.064,0.257,0.0323,8.01e-05,Calm
0.31,0.7,0.763,188.386,-5.678,0.011,0.047,0.00965,Happy
0.527,0.942,0.495,148.723,-5.64,0.0115,0.0366,0.0,Energetic
0.541,0.959,0.812,122.805,-2.947,0.0663,0.0505,2.18e-06,Happy
0.509,0.834,0.774,139.13,-6.205,0.0183,0.0386,0.0,Happy
0.743,0.836,0.82,113.375,-6.465,0.0804,0.116,0.0,Happy
0.671,0.712,0.462,113.805,-7.815,0.429,0.0476,0.0,Calm
0.535,0.716,0.901,94.379,-5.025,0.326,0.0431,0.0,Happy
0.631,0.932,0.971,122.431,-4.142,0.0429,0.0354,0.137,Happy
0.572,0.835,0.795,129.981,-6.219,0.171,0.0317,0.000377,Happy
0.623,0.449,0.573,84.383,-13.333,0.212,0.0253,0.0,Calm
0.529,0.843,0.188,117.662,-6.908,0.0628,0.0616,0.000827,Energetic
0.389,0.873,0.303,106.767,-4.768,0.00532,0.0475,0.0055,Energetic
0.558,0.768,0.429,81.909,-9.997,0.121,0.0343,0.0626,Energetic
0.516,0.549,0.907,176.941,-13.741,0.501,0.0373,0.00572,Calm
0.489,0.758,0.435,112.113,-6.491,0.000678,0.0297,0.49,Energetic
0.398,0.952,0.584,122.093,-6.042,0.000373,0.061,7.75e-05,Energetic
0.766,0.478,0.965,114.02,-13.487,0.0513,0.0329,2.49e-06,Calm
0.267,0.953,0.568,84.989,-4.899,0.00211,0.096,0.0,Energetic
0.253,0.803,0.258,150.036,-3.977,0.129,0.0392,0.0146,Energetic
0.526,0.978,0.451,141.167,-5.436,0.00122,0.108,4.75e-05,Energetic
0.561,0.811,0.635,126.59,-6.157,0.00515,0.0265,3.66e-05,Energetic
0.797,0.872,0.866,129.885,-6.727,0.291,0.0575,0.0,Happy
0.285,0.908,0.669,159.756,-4.601,0.0318,0.0705,0.00909,Energetic
0.932,0.528,0.757,109.975,-6.472,0.115,0.161,0.329,Calm
0.691,0.812,0.685,127.568,-7.772,0.0433,0.0558,1.16e-06,Energetic
0.398,0.93,0.725,190.818,-6.76,0.000854,0.0615,0.121,Happy
0.511,0.942,0.498,97.909,-10.407,0.174,0.0429,1.87e-05,Energetic
0.475,0.899,0.603,152.445,-4.321,0.00375,0.0637,1.91e-05,Energetic
0.469,0.96,0.37,131.707,-4.809,0.141,0.0629,1.81e-06,Energetic
0.574,0.96,0.978,117.486,-4.906,0.0457,0.032,0.0,Happy
0.741,0.58,0.944,127.402,-9.05,0.117,0.0304,3.61e-05,Calm
0.365,0.763,0.342,148.366,-9.45,0.00726,0.0591,0.000457,Energetic
0.591,0.804,0.658,111.457,-7.299,0.327,0.0454,5.98e-06,Energetic
0.753,0.427,0.295,119.18,-11.112,0.00787,0.0387,0.00065,Sad
0.799,0.506,0.518,140.309,-9.414,0.0453,0.0606,0.00107,Calm
0.785,0.737,0.971,125.447,-5.306,0.042,0.0363,0.000107,Happy
0.659,0.846,0.659,107.01,-5.508,0.0318,0.0274,0.0144,Energetic
0.553,0.833,0.773,142.663,-6.667,0.000646,0.0347,0.00246,Happy
0.503,0.858,0.419,133.615,-6.296,0.00757,0.0657,0.00234,Energetic
0.531,0.632,0.294,140.176,-5.557,0.16,0.0312,1.14e-05,Calm
0.823,0.691,0.707,119.96,-7.322,0.0774,0.197,1.73e-06,Happy
0.724,0.78,0.72,134.937,-5.407,0.294,0.354,0.0,Happy
0.702,0.693,0.572,87.973,-4.941,0.139,0.191,0.0,Calm
0.682,0.926,0.86,105.969,-2.515,0.0404,0.0607,0.0,Happy
0.668,0.628,0.568,140.053,-4.692,0.129,0.046,0.0,Calm
0.745,0.747,0.363,120.073,-4.278,0.0073,0.0815,1.69e-06,Calm
0.695,0.786,0.465,91.992,-2.048,0.0668,0.0666,1.41e-06,Energetic
0.77,0.597,0.875,170.022,-4.901,0.53,0.223,0.0,Calm
0.875,0.782,0.906,108.038,-3.905,0.151,0.078,0.0,Happy
0.803,0.895,0.757,124.994,-2.888,0.0816,0.0623,5.67e-06,Happy
0.774,0.728,0.461,140.041,-5.079,0.113,0.169,0.0,Calm
0.871,0.5,0.76,101.959,-8.675,0.32,0.103,3.49e-06,Calm
0.801,0.774,0.383,109.945,-3.604,0.00871,0.157,0.0,Energetic
0.644,0.872,0.378,131.016,-1.54,0.164,0.0417,0.0,Energetic
0.521,0.592,0.535,157.969,-7.777,0.308,0.0304,0.0,Calm
0.777,0.783,0.939,149.027,-4.477,0.0283,0.26,0.0,Happy
0.747,0.507,0.438,104.978,-10.171,0.2,0.0358,0.0608,Calm
0.554,0.808,0.372,108.548,-4.169,0.214,0.0368,0.0,Energetic
0.66,0.756,0.838,116.034,-3.743,0.00289,0.032,0.0,Happy
0.487,0.711,0.317,146.921,-4.22,0.000175,0.0322,0.0,Calm
0.494,0.413,0.273,94.938,-10.432,0.682,0.0254,6.72e-05,Sad
0.674,0.907,0.721,112.964,-4.086,0.101,0.064,0.0,Happy
0.694,0.651,0.471,112.648,-6.968,0.496,0.0784,1.36e-05,Calm
0.467,0.247,0.126,148.101,-12.002,0.612,0.0431,0.000271,Sad
0.699,0.776,0.708,103.963,-5.282,0.131,0.0293,5.36e-06,Happy
0.769,0.722,0.57,119.973,-5.485,0.0584,0.0507,2.56e-06,Calm
0.7,0.582,0.785,116.712,-5.96,0.0502,0.0356,0.0,Calm
0.833,0.563,0.343,105.008,-5.593,0.528,0.204,1.27e-05,Calm
0.336,0.627,0.35,150.273,-7.463,0.164,0.0384,0.0,Calm
0.733,0.598,0.935,107.732,-8.228,0.212,0.0278,3.71e-06,Calm
0.472,0.471,0.219,105.029,-5.692,0.151,0.0603,0.0,Sad
0.924,0.668,0.787,128.027,-6.795,0.446,0.0469,0.000594,Happy
0.466,0.872,0.806,184.115,-3.344,0.0156,0.0336,0.0,Happy
0.675,0.586,0.621,107.015,-6.086,0.257,0.0531,0.0,Calm
0.53,0.406,0.338,115.94,-7.507,0.656,0.033,0.0,Sad
0.448,0.369,0.0998,174.097,-9.514,0.968,0.0452,0.272,Sad
0.687,0.627,0.47,155.865,-4.975,0.326,0.181,0.0,Calm
0.612,0.807,0.398,124.053,-2.81,0.0495,0.0336,0.0177,Energetic
0.464,0.417,0.479,67.528,-9.345,0.136,0.0256,0.022,Calm
0.561,0.604,0.242,159.92,-4.409,0.199,0.0337,1.9e-05,Calm
0.558,0.559,0.62,78.558,-9.222,0.371,0.0959,7.49e-06,Calm
0.429,0.661,0.285,173.372,-7.227,0.00239,0.0281,0.000121,Calm
0.505,0.812,0.664,80.09,-3.986,0.285,0.461,0.0,Energetic
0.853,0.56,0.86,134.066,-4.961,0.013,0.0406,0.0,Calm
0.726,0.698,0.867,143.994,-4.165,0.049,0.0431,0.0,Happy
0.739,0.727,0.676,94.99,-5.968,0.0678,0.0426,0.0,Calm
0.392,0.555,0.191,96.063,-6.707,0.287,0.039,0.000253,Calm
0.672,0.52,0.37,120.001,-7.747,0.859,0.0353,0.0,Calm
0.598,0.47,0.879,67.086,-8.744,0.617,0.0496,0.0,Calm
0.264,0.64,0.19,84.828,-6.221,0.0393,0.0442,2.31e-06,Calm
0.635,0.841,0.424,109.021,-5.379,0.0134,0.0422,0.0,Energetic
0.722,0.706,0.599,80.969,-4.857,0.072,0.0292,0.0,Calm
0.482,0.757,0.12,142.579,-4.586,0.0137,0.0355,0.0016,Energetic
0.315,0.715,0.497,155.925,-8.072,0.00125,0.0362,7.97e-06,Calm
0.556,0.864,0.4,105.143,-5.87,0.00958,0.0584,0.0,Energetic
0.74,0.643,0.96,117.025,-5.446,0.041,0.0413,0.00229,Happy
0.633,0.725,0.64,130.504,-4.257,0.0461,0.0427,0.0,Calm
0.483,0.731,0.484,101.654,-6.696,0.436,0.0381,0.0,Calm
0.571,0.928,0.488,127.939,-3.725,0.00932,0.0453,0.0,Energetic
0.745,0.513,0.929,109.935,-9.116,0.783,0.087,0.0,Calm
0.724,0.689,0.936,120.208,-7.174,0.573,0.0524,6.77e-06,Happy
0.525,0.621,0.592,191.868,-7.364,0.0489,0.117,0.0,Calm
0.754,0.424,0.806,119.705,-8.463,0.643,0.0363,0.0,Calm
0.645,0.646,0.295,115.842,-8.334,0.0615,0.0427,3.04e-05,Calm
0.757,0.789,0.464,91.911,-3.46,0.307,0.0583,0.0,Energetic
0.911,0.778,0.345,96.057,-2.248,0.0887,0.262,2.16e-05,Energetic
0.781,0.786,0.759,111.989,-5.211,0.115,0.0885,5.88e-06,Happy
0.584,0.411,0.412,169.934,-7.147,0.869,0.0838,4.47e-05,Calm
0.82,0.804,0.844,110.982,-7.226,0.175,0.0528,0.00215,Happy
0.75,0.522,0.601,110.427,-7.018,0.282,0.0293,0.0,Calm
0.617,0.888,0.771,130.97,-4.567,0.0705,0.0402,0.0,Happy
0.748,0.856,0.927,123.031,-3.517,0.0824,0.0348,0.0,Happy
0.453,0.673,0.266,92.06,-5.649,0.32,0.144,0.0,Calm
0.647,0.686,0.268,79.928,-5.745,0.08,0.0413,1.34e-06,Calm
0.777,0.595,0.546,108.02,-6.79,0.59,0.0375,0.00139,Calm
0.872,0.588,0.93,142.004,-6.276,0.275,0.0492,0.0,Calm
0.876,0.498,0.428,122.016,-7.511,0.0706,0.0478,0.0,Calm
0.839,0.69,0.744,151.991,-4.464,0.207,0.0615,8.33e-06,Happy
0.797,0.616,0.451,103.071,-10.229,0.762,0.375,0.000293,Calm
0.87,0.516,0.53,111.005,-8.006,0.656,0.0541,0.00823,Calm
0.84,0.543,0.74,139.929,-4.941,0.678,0.0568,0.0,Calm
0.919,0.623,0.775,130.037,-6.521,0.184,0.0992,1.63e-05,Happy
0.621,0.782,0.55,128.033,-5.548,0.0125,0.044,0.033,Energetic
0.653,0.524,0.553,83.97,-9.016,0.112,0.0502,0.0,Calm
0.326,0.586,0.295,189.978,-7.966,0.531,0.0605,0.0,Calm
0.892,0.662,0.607,93.976,-3.894,0.169,0.162,1.24e-06,Calm
0.569,0.724,0.562,83.118,-4.076,0.228,0.0474,0.0,Calm
0.537,0.421,0.524,98.224,-8.72,0.827,0.0285,0.0,Calm
0.858,0.665,0.659,100.09,-4.772,0.126,0.152,0.0,Calm
0.832,0.534,0.116,93.924,-7.813,0.345,0.253,0.0,Calm
0.926,0.542,0.564,135.14,-5.064,0.135,0.293,0.0,Calm
0.834,0.73,0.446,155.008,-3.714,0.00513,0.222,0.0,Calm
0.856,0.564,0.483,77.972,-6.295,0.00327,0.392,0.0,Calm
0.77,0.576,0.364,166.162,-11.845,0.138,0.339,0.0,Calm
0.701,0.716,0.732,91.007,-3.671,0.174,0.0361,0.0,Happy
0.8,0.658,0.462,140.042,-6.142,0.25,0.079,0.0,Calm
0.569,0.882,0.201,148.038,-2.777,0.0316,0.06,0.0,Energetic
0.897,0.662,0.39,112.509,-6.903,0.0852,0.292,0.0,Calm
0.963,0.346,0.562,119.957,-9.309,0.0355,0.53,0.0,Calm
0.747,0.524,0.363,140.053,-6.807,0.0306,0.245,0.0,Calm
0.906,0.444,0.678,140.063,-8.692,0.136,0.384,6.44e-05,Calm
0.772,0.639,0.261,168.112,-7.119,0.15,0.467,0.0,Calm
0.964,0.487,0.108,127.05,-6.071,0.00127,0.421,6.07e-06,Sad
0.884,0.347,0.376,75.016,-8.227,0.015,0.35,7e-06,Sad
0.962,0.619,0.154,127.956,-5.562,0.0354,0.405,0.0,Calm
0.793,0.395,0.128,76.984,-5.578,0.277,0.385,1.4e-05,Sad
0.797,0.353,0.0731,87.997,-9.931,0.59,0.369,0.0,Sad
0.877,0.516,0.255,119.996,-5.426,0.215,0.0706,0.0,Calm
0.867,0.744,0.645,84.005,-5.171,0.268,0.227,0.0,Calm
0.567,0.515,0.321,120.1,-10.265,0.354,0.247,0.0,Calm
0.97,0.463,0.46,108.003,-7.259,0.0957,0.366,0.0,Calm
0.767,0.662,0.259,143.943,-4.856,0.103,0.0578,0.0,Calm
0.847,0.622,0.22,130.001,-6.747,0.119,0.0903,0.0,Calm
0.71,0.701,0.564,134.039,-5.415,0.0105,0.0317,0.0,Calm
0.477,0.727,0.227,150.062,-4.053,0.000866,0.286,0.0,Calm
0.846,0.48,0.419,143.029,-8.618,0.269,0.359,0.0,Calm
0.665,0.651,0.237,163.935,-5.515,0.0414,0.156,0.0,Calm
0.623,0.692,0.566,79.899,-5.122,0.328,0.0504,0.0,Calm
0.823,0.572,0.568,141.996,-6.067,0.0079,0.0865,0.0,Calm
0.65,0.613,0.0804,149.972,-6.13,0.00336,0.128,0.0,Calm
0.671,0.529,0.203,161.989,-7.226,0.0769,0.307,0.000335,Calm
0.776,0.736,0.233,147.946,-4.612,0.0802,0.247,0.0,Calm
0.778,0.801,0.914,104.986,-7.326,0.692,0.106,0.000155,Happy
0.726,0.819,0.636,110.14,-7.094,0.477,0.106,9.65e-05,Energetic
0.49,0.651,0.567,67.813,-6.259,0.714,0.138,7.59e-06,Calm
0.547,0.653,0.163,150.097,-3.875,0.456,0.081,0.0,Calm
0.64,0.552,0.112,144.941,-5.679,0.0215,0.129,0.0,Calm
0.765,0.552,0.492,119.476,-7.524,0.175,0.309,0.0,Calm
0.882,0.764,0.886,140.113,-5.241,0.359,0.204,0.0,Happy
0.502,0.634,0.645,101.837,-3.367,0.677,0.144,0.0341,Calm
0.869,0.64,0.535,112.984,-7.677,0.011,0.0424,0.00119,Calm
0.897,0.719,0.546,113.012,-7.164,0.116,0.157,0.000531,Calm
0.573,0.668,0.145,87.973,-4.356,0.189,0.0467,4.01e-05,Calm
0.578,0.52,0.425,95.865,-8.399,0.554,0.151,3.38e-06,Calm
0.754,0.841,0.838,147.989,-4.563,0.136,0.0921,0.0,Happy
0.501,0.683,0.623,145.379,-7.881,0.109,0.211,9.25e-05,Calm
0.737,0.648,0.746,93.2,-5.493,0.252,0.138,6.92e-06,Happy
0.716,0.541,0.387,139.978,-7.909,0.0021,0.149,0.0,Calm
0.774,0.874,0.927,118.079,-5.641,0.142,0.0488,0.34,Happy
0.672,0.52,0.37,120.001,-7.747,0.859,0.0353,0.0,Calm
0.604,0.366,0.13,141.981,-7.519,0.578,0.0282,0.0,Sad
0.53,0.422,0.349,119.964,-6.262,0.407,0.0342,0.0,Sad
0.422,0.264,0.331,119.93,-7.064,0.922,0.0322,0.0,Sad
0.778,0.547,0.442,95.0,-7.273,0.344,0.0489,0.000306,Calm
0.663,0.706,0.474,122.013,-4.972,0.0654,0.0383,0.0,Calm
0.468,0.779,0.26,173.799,-4.839,0.112,0.0779,0.000373,Energetic
0.429,0.661,0.285,173.372,-7.227,0.00239,0.0281,0.000121,Calm
0.689,0.454,0.912,159.982,-7.643,0.0351,0.0584,0.00259,Calm
0.315,0.715,0.497,155.925,-8.072,0.00125,0.0362,7.97e-06,Calm
0.664,0.5,0.801,117.896,-6.935,0.799,0.0651,0.0,Calm
0.612,0.28,0.387,72.795,-8.648,0.932,0.0434,0.0,Sad
0.6,0.663,0.286,121.07,-5.802,0.225,0.0477,0.0,Calm
0.445,0.537,0.131,122.769,-8.532,0.695,0.04,1.65e-05,Calm
0.617,0.635,0.446,103.019,-6.769,0.0498,0.0317,1.44e-05,Calm
0.351,0.296,0.12,115.284,-10.109,0.934,0.0333,0.0,Sad
0.74,0.697,0.732,138.992,-4.912,0.0268,0.034,0.0,Happy
0.825,0.652,0.931,95.977,-3.183,0.581,0.0802,0.0,Happy
0.369,0.192,0.148,175.212,-12.151,0.555,0.04,8.35e-06,Sad
0.635,0.841,0.424,109.021,-5.379,0.0134,0.0422,0.0,Energetic
0.358,0.557,0.494,85.043,-7.398,0.695,0.059,0.0,Calm
0.684,0.607,0.498,81.001,-8.127,0.0267,0.1,0.000307,Calm
0.599,0.448,0.168,95.05,-6.312,0.163,0.0232,0.0,Sad
0.557,0.442,0.213,146.277,-7.224,0.731,0.0243,1.46e-05,Sad
0.346,0.552,0.0789,75.881,-6.864,0.417,0.0282,0.0,Calm
0.604,0.822,0.288,167.997,-4.833,0.00672,0.0438,0.134,Energetic
0.359,0.543,0.453,68.534,-7.582,0.492,0.0919,1.58e-05,Calm
0.695,0.763,0.551,120.042,-3.497,0.189,0.0396,0.00242,Energetic
0.357,0.425,0.27,102.078,-7.301,0.584,0.0333,0.0,Sad
0.601,0.741,0.441,153.96,-5.569,0.185,0.0478,2.91e-05,Calm
0.742,0.713,0.879,120.032,-5.522,0.0205,0.0303,0.0,Happy
0.614,0.379,0.201,107.989,-10.48,0.607,0.0476,0.000464,Sad
0.752,0.754,0.755,149.789,-6.684,0.0151,0.0615,0.0,Happy
0.209,0.417,0.124,138.178,-8.74,0.164,0.0338,0.00196,Sad
0.712,0.603,0.67,97.994,-5.52,0.186,0.0262,0.0,Calm
0.459,0.574,0.183,111.881,-4.857,0.608,0.0577,0.0,Calm
0.633,0.648,0.49,96.888,-6.645,0.121,0.062,2.62e-06,Calm
0.585,0.776,0.427,77.987,-5.898,0.0572,0.0459,7.74e-06,Energetic
0.449,0.585,0.212,139.631,-6.761,0.0509,0.0268,8.75e-05,Calm
0.775,0.327,0.595,91.05,-7.241,0.841,0.0557,0.0,Calm
0.781,0.445,0.591,78.998,-6.061,0.474,0.0295,0.0,Calm
0.481,0.638,0.497,79.064,-5.862,0.153,0.0276,0.0,Calm
0.671,0.845,0.775,110.056,-4.93,0.0207,0.048,0.0,Happy
0.704,0.797,0.825,139.994,-5.927,0.0826,0.0475,0.000745,Happy
0.674,0.628,0.552,103.998,-7.079,0.00144,0.03,0.0,Calm
0.712,0.862,0.809,95.051,-4.612,0.0525,0.0378,0.0,Happy
0.765,0.473,0.34,119.992,-5.829,0.287,0.0514,0.0,Sad
0.449,0.465,0.543,89.087,-8.964,0.524,0.0791,1.02e-06,Calm
0.796,0.798,0.942,116.032,-6.312,0.034,0.0317,4.19e-05,Happy
0.63,0.53,0.417,108.038,-7.259,0.4,0.0434,0.0,Calm
0.551,0.55,0.342,101.19,-5.339,0.777,0.0286,0.0,Calm
0.651,0.663,0.465,102.0,-5.569,0.228,0.0281,0.0,Calm
0.677,0.401,0.195,111.825,-8.467,0.712,0.0308,0.0,Sad
0.85,0.699,0.915,114.481,-3.292,0.152,0.0776,0.0,Happy
0.591,0.764,0.478,169.928,-5.484,0.0383,0.0483,0.0,Energetic
0.597,0.45,0.537,178.765,-6.658,0.223,0.0418,0.0,Calm
0.621,0.82,0.452,144.905,-4.865,0.332,0.0367,0.0,Energetic
0.681,0.174,0.231,112.672,-8.745,0.837,0.0315,3.35e-05,Sad
0.752,0.488,0.533,136.07,-7.05,0.293,0.0705,9.2e-06,Calm
0.721,0.738,0.637,119.976,-4.77,0.00226,0.0403,4.41e-06,Calm
0.673,0.902,0.536,100.012,-2.392,0.0591,0.0346,0.000227,Energetic
0.748,0.788,0.884,120.076,-7.055,0.0591,0.0334,0.0,Happy
0.753,0.657,0.437,107.01,-3.061,0.171,0.0449,0.0,Calm
0.516,0.342,0.0993,102.819,-8.985,0.55,0.0425,0.0,Sad
0.601,0.794,0.244,114.066,-5.844,0.00987,0.0671,1.36e-06,Energetic
0.492,0.673,0.488,203.812,-5.431,0.413,0.0347,0.0,Calm
0.674,0.426,0.337,84.876,-9.504,0.12,0.122,0.0,Sad
0.638,0.656,0.225,104.036,-5.886,0.188,0.0357,0.0,Calm
0.56,0.825,0.268,94.931,-3.862,0.323,0.0379,0.0,Energetic
0.627,0.792,0.415,119.054,-4.311,0.13,0.031,3.97e-06,Energetic
0.759,0.54,0.75,116.947,-6.039,0.037,0.0287,0.0,Calm
0.515,0.683,0.572,159.878,-5.099,0.0749,0.0371,2.64e-06,Calm
0.703,0.444,0.712,150.96,-9.331,0.559,0.0417,0.0,Calm
0.558,0.719,0.371,112.027,-5.113,0.0367,0.0267,0.0,Calm
0.864,0.495,0.72,129.062,-7.036,0.591,0.037,0.000133,Calm
0.482,0.706,0.144,92.513,-5.762,0.135,0.0607,0.00106,Calm
0.694,0.495,0.799,103.375,-14.222,0.0137,0.0329,0.00351,Calm
0.553,0.586,0.443,126.684,-6.319,0.697,0.0362,0.0,Calm
0.52,0.903,0.652,74.988,-5.497,0.00517,0.042,0.0,Energetic
0.459,0.331,0.271,72.023,-12.603,0.817,0.0421,0.00104,Sad
0.564,0.714,0.33,175.924,-4.987,0.0549,0.129,0.0,Calm
0.719,0.798,0.591,120.012,-4.582,0.0162,0.0361,2.34e-06,Energetic
0.491,0.588,0.193,113.608,-6.177,0.0281,0.0506,2.01e-06,Calm
0.5,0.71,0.419,89.929,-3.015,0.19,0.0339,0.00025,Calm
0.286,0.445,0.278,50.827,-8.087,0.355,0.0347,0.0,Sad
0.728,0.415,0.455,114.145,-6.852,0.401,0.0639,0.0,Calm
0.494,0.632,0.0797,147.873,-6.89,0.682,0.0342,0.0,Calm
0.464,0.473,0.604,75.801,-10.086,0.866,0.129,0.0,Calm
0.508,0.72,0.472,79.983,-5.908,0.272,0.0628,0.0,Calm
0.378,0.638,0.735,184.086,-5.576,0.02,0.075,7.66e-05,Happy
0.644,0.549,0.167,90.04,-5.415,0.0209,0.0285,8.85e-06,Calm
0.49,0.725,0.335,123.28,-3.304,0.123,0.0392,2.68e-05,Calm
0.654,0.63,0.43,89.991,-4.644,0.153,0.0259,0.0,Calm
0.398,0.316,0.174,118.582,-7.031,0.805,0.0368,0.0,Sad
0.666,0.922,0.758,130.007,-4.645,0.000348,0.0352,0.0,Happy
0.349,0.348,0.0886,74.541,-6.142,0.726,0.0316,0.0,Sad
0.399,0.787,0.572,117.089,-2.88,0.0197,0.0499,6.07e-05,Energetic
0.6,0.465,0.0682,113.81,-4.951,0.643,0.0314,1.48e-06,Sad
0.726,0.698,0.867,143.994,-4.165,0.049,0.0431,0.0,Happy
0.679,0.587,0.486,186.003,-7.015,0.141,0.276,6.35e-06,Calm
0.908,0.669,0.662,112.238,-2.827,0.00286,0.0738,0.0,Calm
0.825,0.652,0.931,95.977,-3.183,0.581,0.0802,0.0,Happy
0.671,0.939,0.53,129.024,-3.206,0.191,0.161,0.0,Energetic
0.573,0.902,0.876,84.412,-7.638,0.018,0.054,0.00125,Happy
0.778,0.824,0.758,100.024,-5.892,0.284,0.0707,0.0,Happy
0.894,0.791,0.583,105.018,-4.699,0.0183,0.112,0.0,Energetic
0.578,0.866,0.619,128.038,-3.804,0.00701,0.0619,0.0,Energetic
0.532,0.887,0.794,122.509,-3.757,0.0778,0.0335,0.000206,Happy
0.532,0.783,0.643,124.08,-5.697,0.0038,0.0523,0.0012,Energetic
0.774,0.838,0.924,143.04,-3.914,0.0249,0.114,0.025,Happy
0.692,0.711,0.875,125.135,-7.498,0.225,0.0317,0.0,Happy
0.755,0.837,0.714,120.028,-2.718,0.0991,0.142,0.0,Happy
0.655,0.76,0.409,99.947,-3.669,0.0797,0.045,0.0,Energetic
0.543,0.87,0.754,100.804,-6.514,0.358,0.0428,0.000939,Happy
0.646,0.823,0.418,128.035,-4.123,0.213,0.0394,0.0,Energetic
0.729,0.807,0.765,114.742,-6.492,0.181,0.0936,0.75,Happy
0.581,0.963,0.788,129.992,-4.087,0.0295,0.0981,0.0,Happy
0.527,0.835,0.654,125.983,-5.298,0.0166,0.0433,0.0,Energetic
0.663,0.861,0.654,119.963,-3.398,0.0338,0.109,0.0,Energetic
0.759,0.699,0.907,92.96,-5.745,0.202,0.0307,0.000131,Happy
0.843,0.806,0.613,94.948,-5.946,0.143,0.269,0.0,Energetic
0.851,0.806,0.774,119.001,-4.618,0.119,0.0787,1.72e-06,Happy
0.721,0.802,0.724,124.022,-5.797,0.0921,0.0583,0.0,Happy
0.596,0.856,0.743,127.949,-3.556,0.0211,0.0346,0.0178,Happy
0.709,0.824,0.867,118.818,-8.824,0.207,0.0453,0.000307,Happy
0.533,0.869,0.425,159.805,-5.093,0.156,0.173,0.00538,Energetic
0.788,0.844,0.382,113.324,-3.131,0.25,0.0334,0.000678,Energetic
0.818,0.803,0.632,106.97,-4.282,0.034,0.0797,0.0,Energetic
0.71,0.799,0.725,120.372,-4.897,0.22,0.0328,0.000602,Happy
0.509,0.834,0.774,139.13,-6.205,0.0183,0.0386,0.0,Happy
0.646,0.795,0.796,89.99,-3.293,0.0319,0.0976,0.0,Happy
0.782,0.58,0.66,120.021,-6.548,0.0114,0.0407,2.28e-06,Calm
0.742,0.882,0.463,102.04,-2.862,0.0466,0.117,0.0,Energetic
0.604,0.787,0.301,126.062,-3.674,0.0679,0.103,0.15,Energetic
0.967,0.583,0.964,117.0,-5.562,0.0584,0.0789,0.0,Calm
0.744,0.766,0.61,127.966,-6.375,0.0873,0.0265,0.0,Energetic
0.845,0.567,0.793,125.02,-8.118,0.59,0.0956,0.00142,Calm
0.834,0.669,0.547,122.669,-5.582,0.0341,0.0637,7.18e-05,Calm
0.768,0.864,0.891,110.009,-6.149,0.101,0.0324,0.0,Happy
0.722,0.761,0.624,128.046,-4.46,0.0119,0.0475,0.0,Energetic
0.751,0.834,0.894,95.053,-5.444,0.3,0.0437,1.77e-05,Happy
0.5,0.501,0.623,144.438,-8.284,0.462,0.0376,0.0,Calm
0.822,0.739,0.745,118.99,-4.541,0.0264,0.0311,4.28e-05,Happy
0.414,0.857,0.348,128.024,-4.078,0.0287,0.0808,0.00574,Energetic
0.613,0.574,0.755,125.18,-7.961,0.0253,0.467,3.13e-05,Calm
0.749,0.491,0.536,119.528,-9.655,0.02,0.0403,0.00899,Calm
0.612,0.84,0.438,129.042,-3.145,0.112,0.0509,0.0,Energetic
0.636,0.815,0.636,123.063,-5.098,0.0185,0.0581,0.0,Energetic
0.892,0.714,0.817,100.972,-6.055,0.201,0.141,0.000234,Happy
0.707,0.814,0.717,124.921,-4.509,0.0861,0.0577,0.0,Happy
0.652,0.917,0.459,132.975,-6.72,0.0082,0.0548,0.0,Energetic
0.729,0.844,0.777,131.459,-8.824,0.149,0.0344,2.87e-06,Happy
0.766,0.563,0.964,126.007,-7.516,0.0263,0.0339,0.683,Calm
0.951,0.6,0.822,125.04,-4.675,0.106,0.0685,0.0,Happy
0.503,0.726,0.529,121.981,-5.456,0.0159,0.167,7.98e-05,Calm
0.579,0.736,0.613,127.999,-3.863,0.31,0.0527,0.0,Calm
0.73,0.777,0.575,130.003,-5.194,0.105,0.0496,0.000486,Energetic
0.554,0.783,0.813,105.39,-5.852,0.416,0.0457,1.54e-06,Happy
0.911,0.551,0.969,92.887,-3.75,0.133,0.045,4.35e-05,Calm
0.647,0.8,0.942,160.078,-5.384,0.0647,0.165,0.0,Happy
0.779,0.64,0.499,99.017,-8.415,0.000155,0.159,0.000766,Calm
0.72,0.808,0.869,126.041,-5.627,0.00793,0.0379,0.0293,Happy
0.798,0.625,0.858,93.764,-9.689,0.00547,0.0548,7.98e-05,Happy
0.608,0.86,0.437,127.075,-5.324,0.0991,0.0554,0.0,Energetic
0.794,0.811,0.862,116.047,-8.966,0.0426,0.038,1.07e-06,Happy
0.584,0.889,0.464,126.04,-5.941,0.0462,0.0343,0.828,Energetic
0.92,0.654,0.847,117.046,-3.051,0.0236,0.0401,0.0153,Happy
0.673,0.758,0.542,135.956,-3.632,0.039,0.158,0.0,Energetic
0.535,0.716,0.901,94.379,-5.025,0.326,0.0431,0.0,Happy
0.646,0.77,0.681,99.165,-6.596,0.00249,0.226,0.0,Energetic
0.631,0.927,0.465,123.962,-2.787,0.199,0.0332,0.119,Energetic
0.641,0.922,0.847,146.078,-4.457,0.0291,0.0786,0.0,Happy
0.747,0.716,0.751,125.006,-2.457,0.135,0.0751,0.0,Happy
0.867,0.646,0.67,88.634,-4.674,0.303,0.288,0.0,Calm
0.597,0.87,0.944,109.901,-11.97,0.0119,0.0371,0.166,Happy
0.616,0.869,0.473,127.966,-3.911,0.0283,0.0327,0.0,Energetic
0.67,0.855,0.648,120.05,-3.035,0.0124,0.0499,0.0,Energetic
0.749,0.748,0.827,137.547,-7.011,0.295,0.0323,0.000443,Happy
0.731,0.738,0.958,117.656,-8.125,0.184,0.0377,0.0,Happy
0.666,0.83,0.702,113.03,-5.715,0.0123,0.0751,0.0,Happy
0.802,0.756,0.963,131.715,-10.791,0.0843,0.0349,0.00765,Happy
0.544,0.915,0.51,126.094,-3.405,0.129,0.0841,0.000914,Energetic
0.737,0.86,0.656,93.989,-2.652,0.11,0.0593,1.94e-06,Energetic
0.722,0.851,0.452,126.885,-3.873,0.0319,0.0639,0.0,Energetic
0.723,0.809,0.274,98.007,-3.081,0.00346,0.0625,0.00123,Energetic
0.706,0.89,0.684,128.011,-4.444,0.0588,0.0688,0.00286,Energetic
0.79,0.593,0.72,119.958,-9.204,0.0983,0.0776,0.00202,Calm
0.735,0.766,0.6,127.975,-4.485,0.025,0.0383,0.00141,Energetic
0.572,0.835,0.795,129.981,-6.219,0.171,0.0317,0.000377,Happy
0.56,0.872,0.682,126.05,-4.269,0.0239,0.14,6.98e-06,Energetic
0.706,0.751,0.195,91.031,-6.323,0.173,0.0708,0.0,Energetic
0.686,0.702,0.29,129.948,-5.325,0.00637,0.0455,4.46e-05,Calm
0.704,0.861,0.636,128.99,-4.221,0.587,0.0493,0.0615,Energetic
0.572,0.655,0.392,122.49,-7.027,0.00579,0.0344,3.41e-06,Calm
0.85,0.7,0.724,101.875,-6.49,0.0607,0.0478,1.66e-06,Happy
0.622,0.807,0.892,174.06,-6.752,0.103,0.408,0.0,Happy
0.613,0.697,0.476,122.746,-8.618,0.0194,0.133,0.0,Calm
0.869,0.648,0.9,125.035,-8.698,0.121,0.0633,2.17e-05,Happy
0.529,0.843,0.188,117.662,-6.908,0.0628,0.0616,0.000827,Energetic
0.794,0.832,0.871,107.657,-4.862,0.237,0.0407,1.14e-05,Happy
0.627,0.954,0.312,128.016,-4.804,0.0015,0.0425,0.000814,Energetic
0.731,0.853,0.605,108.016,-4.219,0.0352,0.0363,0.0,Energetic
0.625,0.842,0.26,111.038,-5.285,0.264,0.0376,2.12e-05,Energetic
0.706,0.842,0.861,132.032,-3.956,7.73e-05,0.0417,0.0,Happy
0.614,0.928,0.879,172.656,-4.806,0.0408,0.0516,0.00104,Happy
0.956,0.741,0.911,107.075,-4.753,0.204,0.124,0.0,Happy
0.684,0.675,0.924,107.064,-8.123,0.163,0.0257,0.0,Happy
0.812,0.879,0.962,129.991,-10.998,0.017,0.0397,0.224,Happy
0.975,0.711,0.815,110.621,-3.904,0.168,0.0632,0.000552,Happy
0.766,0.772,0.919,128.168,-9.362,0.403,0.0353,0.0584,Happy
0.707,0.535,0.641,103.644,-19.793,0.113,0.0436,0.00615,Calm
0.715,0.833,0.612,95.487,-5.379,0.00631,0.108,0.0,Energetic
0.878,0.821,0.947,118.881,-9.875,0.126,0.089,0.0461,Happy
0.498,0.862,0.469,128.036,-6.02,0.000313,0.0588,0.00918,Energetic
0.56,0.857,0.432,119.975,-4.145,0.0594,0.0384,0.0,Energetic
0.737,0.495,0.967,104.409,-13.489,0.0588,0.027,9.12e-06,Calm
0.811,0.699,0.733,122.987,-5.211,0.0726,0.114,1.38e-06,Happy
0.425,0.954,0.933,178.043,-3.756,0.00414,0.0476,0.0,Happy
0.853,0.599,0.843,119.993,-4.756,0.00334,0.0411,7.93e-06,Calm
0.753,0.931,0.767,113.026,-4.922,0.00994,0.0653,0.00696,Happy
0.597,0.837,0.447,126.342,-6.518,0.00427,0.375,0.00115,Energetic
0.784,0.713,0.97,115.443,-6.865,0.447,0.0339,0.14,Happy
0.801,0.985,0.72,127.99,-2.69,0.0205,0.0647,6.86e-06,Happy
0.898,0.271,0.742,111.485,-12.238,0.0135,0.091,0.00138,Calm
0.666,0.876,0.552,129.884,-3.078,0.055,0.0414,0.0,Energetic
0.702,0.76,0.696,129.996,-3.174,0.00226,0.0684,0.0,Energetic
0.572,0.81,0.11,126.052,-5.791,0.0157,0.0558,6.53e-06,Energetic
0.751,0.781,0.814,119.977,-3.724,0.0039,0.0862,0.0,Happy
0.398,0.952,0.584,122.093,-6.042,0.000373,0.061,7.75e-05,Energetic
0.877,0.534,0.89,108.17,-6.178,0.0339,0.15,1.67e-05,Calm
0.832,0.838,0.965,100.021,-5.414,0.0791,0.0421,0.0,Happy
0.704,0.868,0.808,131.468,-5.808,0.0834,0.0315,0.0,Happy
0.729,0.662,0.359,124.149,-7.191,0.00128,0.337,0.208,Calm
0.727,0.937,0.749,132.067,-2.871,0.00417,0.286,0.0,Happy
0.75,0.736,0.355,130.011,-4.168,0.0202,0.155,0.0,Calm
0.733,0.859,0.52,124.948,-5.03,0.479,0.033,0.0645,Energetic
0.808,0.786,0.899,96.987,-6.897,0.00928,0.0447,0.0701,Happy
0.875,0.63,0.548,120.016,-3.475,0.00546,0.0994,2.47e-06,Calm
0.867,0.517,0.862,133.149,-13.22,0.00449,0.088,0.000343,Calm
0.518,0.907,0.961,140.982,-3.732,0.00221,0.0343,1.15e-05,Happy
0.729,0.936,0.598,131.986,-7.536,0.0129,0.0776,0.000892,Energetic
0.587,0.828,0.493,123.907,-5.108,0.00327,0.161,0.0,Energetic
0.72,0.763,0.742,101.965,-4.068,0.406,0.0523,0.0,Happy
0.503,0.748,0.356,125.896,-4.124,0.0305,0.0619,0.0,Calm
0.684,0.573,0.716,107.363,-12.3,0.318,0.0261,0.028,Calm
0.69,0.805,0.799,127.808,-11.522,0.000232,0.0336,0.739,Happy
0.583,0.732,0.277,146.005,-5.729,0.00315,0.0459,9.57e-06,Calm
0.979,0.792,0.583,116.012,-2.784,0.0025,0.0388,7.71e-06,Energetic
0.531,0.556,0.156,138.978,-6.245,0.407,0.0252,0.00915,Calm
0.634,0.663,0.6,146.053,-6.818,0.433,0.0331,0.124,Calm
0.421,0.394,0.399,96.192,-8.312,0.863,0.0277,4.74e-06,Sad
0.742,0.546,0.868,104.996,-7.694,0.172,0.0315,0.38,Calm
0.687,0.486,0.792,163.9,-8.673,0.587,0.0579,0.126,Calm
0.551,0.529,0.521,75.515,-10.469,0.296,0.0517,0.0093,Calm
0.696,0.0867,0.349,129.989,-25.203,0.988,0.0418,0.922,Sad
0.665,0.351,0.451,87.057,-9.424,0.516,0.0276,0.819,Calm
0.75,0.585,0.584,102.331,-7.576,0.049,0.0285,0.00552,Calm
0.587,0.286,0.302,71.123,-8.839,0.185,0.0315,0.0288,Sad
0.541,0.382,0.343,155.901,-14.323,0.0215,0.035,0.000836,Sad
0.556,0.864,0.4,105.143,-5.87,0.00958,0.0584,0.0,Energetic
0.466,0.872,0.806,184.115,-3.344,0.0156,0.0336,0.0,Happy
0.741,0.62,0.934,117.038,-5.505,0.0295,0.0412,0.000809,Happy
0.614,0.568,0.516,107.849,-5.477,0.00797,0.0276,0.0,Calm
0.548,0.532,0.405,85.03,-7.596,0.186,0.0323,0.000263,Calm
0.592,0.767,0.328,96.483,-2.788,0.0021,0.027,0.00165,Energetic
0.315,0.715,0.497,155.925,-8.072,0.00125,0.0362,7.97e-06,Calm
0.645,0.713,0.566,74.989,-5.355,0.00835,0.0393,0.0,Calm
0.458,0.795,0.513,123.229,-3.265,0.00316,0.0574,0.000202,Energetic
0.627,0.935,0.287,120.092,-4.882,0.0092,0.0324,0.0,Energetic
0.28,0.87,0.284,164.057,-4.219,0.000686,0.0592,0.00608,Energetic
0.58,0.865,0.587,100.016,-4.359,0.105,0.0313,0.0,Energetic
0.502,0.941,0.124,119.783,-5.194,0.000346,0.0716,0.319,Energetic
0.585,0.972,0.585,110.006,-4.45,0.0143,0.0534,0.0,Energetic
0.413,0.881,0.364,158.066,-5.541,5.99e-05,0.0367,0.000308,Energetic
0.493,0.808,0.38,117.971,-3.365,0.000235,0.0362,0.0,Energetic
0.268,0.742,0.416,159.779,-4.939,0.0518,0.0355,0.0,Calm
0.517,0.839,0.416,94.015,-3.521,0.0014,0.0287,0.000365,Energetic
0.514,0.637,0.18,80.401,-6.418,0.213,0.0363,2.27e-06,Calm
0.289,0.796,0.33,169.835,-4.22,0.00837,0.0494,2.61e-05,Energetic
0.595,0.717,0.547,88.969,-4.803,0.0779,0.0295,0.00274,Calm
0.513,0.442,0.243,81.201,-13.529,0.00731,0.0343,0.000838,Sad
0.615,0.911,0.685,108.0,-3.584,0.0686,0.0278,0.00188,Energetic
0.618,0.938,0.875,91.455,-3.442,0.0179,0.0456,0.0,Happy
0.36,0.684,0.2,77.15,-6.457,0.323,0.0308,0.0,Calm
0.621,0.901,0.744,113.967,-5.396,0.17,0.0302,0.0,Happy
0.519,0.595,0.237,129.786,-5.001,0.00151,0.0283,0.0,Calm
0.636,0.849,0.917,156.036,-7.075,0.0438,0.106,0.0,Happy
0.427,0.9,0.599,104.655,-3.674,0.116,0.0499,1.75e-05,Energetic
0.668,0.921,0.782,120.0,-3.727,0.0492,0.0439,0.00517,Happy
0.394,0.944,0.265,105.338,-6.506,0.00178,0.0761,4.54e-06,Energetic
0.274,0.652,0.1,173.008,-6.196,0.00768,0.0625,6.42e-05,Calm
0.602,0.905,0.411,128.019,-4.046,0.000202,0.0775,0.064,Energetic
0.276,0.715,0.173,137.028,-5.356,0.00552,0.0432,0.000417,Calm
0.556,0.913,0.73,96.184,-2.36,0.0193,0.0437,8.59e-06,Happy
0.572,0.839,0.465,143.969,-5.083,0.013,0.0377,0.00976,Energetic
0.424,0.588,0.193,144.636,-5.455,0.0553,0.0278,4.95e-06,Calm
0.644,0.939,0.861,106.031,-3.486,0.157,0.0456,0.0,Happy
0.556,0.486,0.243,119.955,-7.139,0.0371,0.0329,1.45e-06,Sad
0.297,0.842,0.586,100.127,-7.457,0.000286,0.0488,9.1e-06,Energetic
0.6,0.796,0.75,105.991,-4.481,0.000109,0.0275,5.2e-05,Happy
0.277,0.663,0.527,104.561,-8.821,0.000409,0.0377,0.00051,Calm
0.552,0.645,0.588,89.518,-6.595,0.00187,0.0268,1.38e-06,Calm
0.509,0.584,0.685,170.411,-4.907,0.0368,0.057,9.96e-05,Calm
0.437,0.94,0.48,151.417,-6.946,0.0524,0.0426,0.000573,Energetic
0.451,0.97,0.198,122.444,-4.938,0.0264,0.107,0.00355,Energetic
0.51,0.945,0.323,91.906,-5.405,0.000658,0.0804,4.8e-06,Energetic
0.511,0.862,0.361,98.021,-5.677,0.0656,0.0659,1.86e-06,Energetic
0.417,0.812,0.419,82.002,-3.979,0.0154,0.0332,2.11e-05,Energetic
0.466,0.872,0.806,184.115,-3.344,0.0156,0.0336,0.0,Happy
0.308,0.866,0.227,109.825,-5.671,0.000739,0.059,0.00141,Energetic
0.445,0.964,0.448,140.817,-5.493,0.037,0.282,0.0132,Energetic
0.415,0.908,0.437,114.816,-9.701,0.00437,0.0765,0.0345,Energetic
0.543,0.836,0.56,105.173,-9.11,0.000647,0.0353,0.431,Energetic
0.285,0.908,0.669,159.756,-4.601,0.0318,0.0705,0.00909,Energetic
0.43,0.704,0.703,118.242,-8.008,0.000155,0.0804,0.00221,Happy
0.417,0.934,0.287,127.066,-3.908,0.000278,0.119,0.0015,Energetic
0.283,0.891,0.226,92.049,-8.165,0.00678,0.178,0.0038,Energetic
0.437,0.695,0.413,102.178,-9.447,0.00111,0.0617,0.0857,Calm
0.365,0.763,0.342,148.366,-9.45,0.00726,0.0591,0.000457,Energetic
0.415,0.908,0.437,114.816,-9.701,0.00437,0.0765,0.0345,Energetic
0.354,0.982,0.194,143.772,-3.026,0.000237,0.168,0.000294,Energetic
0.577,0.828,0.604,123.257,-8.691,0.00213,0.0298,0.0114,Energetic
0.58,0.916,0.683,118.004,-4.358,0.000297,0.0387,0.0259,Energetic
0.353,0.898,0.525,103.299,-5.877,2.23e-05,0.052,0.105,Energetic
0.59,0.963,0.586,125.033,-6.489,8.75e-05,0.0676,0.000105,Energetic
0.554,0.949,0.233,129.984,-4.928,0.000318,0.0787,9.98e-05,Energetic
0.443,0.781,0.372,71.841,-4.277,1.33e-05,0.0377,0.205,Energetic
0.567,0.714,0.191,107.441,-8.512,0.0012,0.0302,0.417,Calm
0.585,0.776,0.427,77.987,-5.898,0.0572,0.0459,7.74e-06,Energetic
0.465,0.954,0.458,143.85,-4.251,0.000346,0.044,5.38e-06,Energetic
0.643,0.849,0.903,162.152,-5.428,0.0371,0.0526,0.0,Happy
0.718,0.691,0.552,100.008,-6.44,0.0159,0.0387,0.0,Calm
0.606,0.887,0.903,119.974,-4.404,0.000242,0.0598,0.0,Happy
0.774,0.75,0.927,118.015,-4.927,0.00207,0.0412,1.78e-05,Happy
0.517,0.906,0.731,172.977,-3.677,0.00272,0.0735,9.26e-06,Happy
0.45,0.883,0.328,93.41,-4.094,0.00193,0.0524,0.0,Energetic
0.487,0.9,0.484,149.937,-4.417,6.79e-05,0.0482,0.0,Energetic
0.457,0.406,0.208,151.95,-7.462,0.08,0.0291,0.0,Sad
0.414,0.936,0.74,170.229,-2.407,0.00136,0.0758,0.0,Happy
0.494,0.939,0.893,177.751,-3.127,0.00666,0.126,0.0,Happy
0.61,0.893,0.673,104.031,-3.681,0.154,0.0921,4.41e-05,Energetic
0.602,0.923,0.765,136.01,-3.763,0.0098,0.044,0.0,Happy
0.569,0.83,0.609,170.094,-4.106,0.0807,0.14,0.0,Energetic
0.434,0.897,0.685,148.708,-4.918,0.0103,0.0488,0.0,Energetic
0.546,0.814,0.146,104.98,-5.146,0.023,0.0314,0.0,Energetic
0.331,0.943,0.296,94.612,-3.188,0.00721,0.0698,2.06e-06,Energetic
0.578,0.926,0.877,149.976,-3.689,0.00472,0.0548,0.0127,Happy
0.655,0.781,0.584,110.024,-6.547,0.00103,0.034,5.33e-06,Energetic
0.496,0.682,0.474,167.06,-4.095,0.00552,0.0294,2.94e-05,Calm
0.38,0.988,0.769,186.113,-2.042,2.64e-05,0.0639,7.86e-05,Happy
0.693,0.823,0.741,87.904,-3.761,0.0932,0.0726,0.0,Happy
0.452,0.563,0.209,137.715,-6.607,0.144,0.0272,0.0,Calm
0.628,0.744,0.277,119.921,-4.718,0.0257,0.0379,0.0,Calm
0.494,0.946,0.741,103.408,-2.757,0.00129,0.0637,0.0,Happy
0.486,0.904,0.786,173.734,-3.751,3.43e-05,0.0638,2.83e-05,Happy
0.545,0.932,0.464,92.956,-2.189,0.000665,0.0399,0.0,Energetic
0.308,0.873,0.686,143.519,-4.542,0.00022,0.0533,0.000729,Energetic
0.46,0.892,0.59,154.844,-5.046,0.0051,0.0619,0.0,Energetic
0.463,0.857,0.856,111.647,-3.063,0.0506,0.0632,0.0,Happy
0.403,0.914,0.626,196.482,-5.215,0.000579,0.142,0.0,Energetic
0.391,0.951,0.468,157.663,-7.419,0.012,0.0688,0.000446,Energetic
0.818,0.705,0.772,138.559,-6.679,0.00836,0.177,0.00233,Happy
0.21,0.94,0.255,179.722,-3.427,0.00602,0.123,0.0,Energetic
0.28,0.87,0.284,164.057,-4.219,0.000686,0.0592,0.00608,Energetic
0.695,0.818,0.916,119.965,-5.379,0.00647,0.0334,4.87e-06,Happy
0.356,0.96,0.0857,125.921,-3.487,0.0142,0.104,0.0,Energetic
0.467,0.883,0.309,122.252,-3.679,0.000321,0.106,0.000152,Energetic
0.411,0.986,0.649,165.981,-2.522,0.000264,0.0583,0.00148,Energetic
0.289,0.796,0.33,169.835,-4.22,0.00837,0.0494,2.61e-05,Energetic
0.202,0.886,0.192,145.781,-3.805,0.0286,0.0816,0.0,Energetic
0.579,0.928,0.882,95.594,-4.344,0.000715,0.0411,0.0,Happy
0.494,0.842,0.574,162.011,-4.784,0.00579,0.0843,0.0,Energetic
0.621,0.961,0.449,114.451,-3.198,0.00523,0.154,0.0,Energetic
0.409,0.959,0.83,193.144,-4.563,0.000324,0.0869,0.0,Happy
0.29,0.827,0.45,167.086,-3.451,0.000659,0.0362,2.55e-06,Energetic
0.52,0.775,0.383,136.02,-5.803,0.034,0.0348,0.0,Energetic
0.403,0.965,0.431,112.363,-2.238,3.81e-05,0.0964,0.000276,Energetic
0.472,0.925,0.338,159.989,-3.545,0.000394,0.15,0.000528,Energetic
0.756,0.422,0.487,112.751,-12.967,0.0165,0.0292,0.00183,Calm
0.332,0.214,0.11,67.531,-12.518,0.845,0.0349,5.62e-06,Sad
0.581,0.498,0.111,116.262,-6.9,0.198,0.0276,0.0,Sad
0.641,0.428,0.53,149.705,-9.29,0.0666,0.024,0.0,Calm
0.546,0.519,0.247,140.054,-9.072,0.36,0.0291,0.00046,Calm
0.52,0.652,0.722,80.61,-6.655,0.339,0.0274,6.14e-05,Happy
0.651,0.402,0.258,119.873,-9.303,0.639,0.028,7.73e-05,Sad
0.509,0.317,0.247,131.783,-16.063,0.621,0.0305,5.28e-05,Sad
0.476,0.381,0.33,121.948,-10.238,0.727,0.0342,0.0,Sad
0.636,0.264,0.264,99.304,-14.567,0.593,0.0263,4.22e-05,Sad
0.418,0.249,0.213,82.803,-13.744,0.841,0.0301,0.661,Sad
0.593,0.74,0.501,118.01,-6.12,0.364,0.0339,2.14e-05,Calm
0.691,0.64,0.452,101.991,-5.087,0.0247,0.0384,5.24e-06,Calm
0.584,0.533,0.224,131.745,-7.11,0.684,0.0305,0.0,Calm
0.727,0.65,0.668,129.993,-5.357,0.662,0.0337,0.0,Calm
0.686,0.588,0.617,94.519,-8.343,0.178,0.0554,0.0,Calm
0.508,0.72,0.472,79.983,-5.908,0.272,0.0628,0.0,Calm
0.536,0.612,0.57,86.768,-5.847,0.119,0.272,0.0,Calm
0.384,0.438,0.287,87.903,-9.149,0.753,0.0362,0.0,Sad
0.615,0.467,0.177,119.919,-9.883,0.314,0.0327,0.0,Sad
0.56,0.825,0.268,94.931,-3.862,0.323,0.0379,0.0,Energetic
0.805,0.602,0.744,94.382,-9.7,0.119,0.0579,0.000122,Happy
0.634,0.512,0.193,128.019,-8.651,0.114,0.0285,3.91e-06,Calm
0.675,0.479,0.454,81.998,-9.87,0.633,0.0278,1.76e-05,Calm
0.713,0.678,0.734,138.009,-3.525,0.273,0.102,0.0,Happy
0.728,0.859,0.535,65.043,-5.237,0.0401,0.137,0.0,Energetic
0.657,0.629,0.726,93.985,-4.938,0.194,0.0782,0.0,Happy
0.845,0.467,0.702,138.007,-7.674,0.0586,0.138,0.0,Calm
0.583,0.621,0.399,140.036,-6.902,0.00972,0.0479,0.00106,Calm
0.727,0.68,0.728,132.012,-4.498,0.0101,0.0286,0.0,Happy
0.749,0.925,0.641,86.989,-5.034,0.241,0.227,0.0,Energetic
0.637,0.73,0.731,93.867,-5.38,0.322,0.0877,0.0,Happy
0.522,0.932,0.33,129.473,-2.87,0.119,0.255,0.0,Energetic
0.328,0.622,0.401,74.267,-7.291,0.858,0.0866,0.0,Calm
0.692,0.422,0.468,74.375,-10.533,0.0811,0.0333,0.0,Calm
0.644,0.549,0.167,90.04,-5.415,0.0209,0.0285,8.85e-06,Calm
0.656,0.479,0.708,184.374,-7.055,0.0665,0.0348,0.00272,Calm
0.78,0.768,0.507,80.063,-4.325,0.0371,0.238,2.34e-06,Energetic
0.638,0.656,0.225,104.036,-5.886,0.188,0.0357,0.0,Calm
0.84,0.476,0.767,139.987,-7.918,0.0264,0.0629,0.0,Calm
0.553,0.614,0.345,136.628,-5.098,0.764,0.0306,0.0,Calm
0.569,0.596,0.754,93.135,-6.486,0.452,0.172,7.92e-05,Calm
0.78,0.565,0.365,101.967,-7.32,0.736,0.0306,0.00269,Calm
0.65,0.306,0.605,118.068,-9.443,0.57,0.0393,7.07e-06,Calm
0.762,0.661,0.769,130.009,-6.075,0.15,0.0687,0.0,Happy
0.596,0.606,0.886,97.785,-12.145,0.181,0.0255,0.000327,Happy
0.249,0.834,0.337,118.222,-8.21,0.0742,0.0574,9.69e-05,Energetic
0.422,0.752,0.404,120.47,-8.682,0.0366,0.0449,0.000119,Energetic
0.467,0.247,0.258,140.232,-14.161,0.906,0.0314,0.0157,Sad
0.664,0.5,0.801,117.896,-6.935,0.799,0.0651,0.0,Calm
0.486,0.638,0.178,144.458,-6.231,0.000921,0.0323,0.0,Calm
0.264,0.122,0.0735,148.658,-15.399,0.885,0.0349,0.349,Sad
0.753,0.485,0.547,95.968,-9.431,0.345,0.035,0.00104,Calm
0.598,0.561,0.231,115.011,-11.676,0.611,0.0376,0.0417,Calm
0.733,0.324,0.388,141.8,-8.122,0.479,0.033,0.0,Sad
0.702,0.22,0.197,129.9,-13.696,0.698,0.0403,0.0,Sad
0.413,0.467,0.377,157.338,-9.282,0.732,0.0292,0.0111,Sad
0.662,0.378,0.207,120.133,-10.908,0.475,0.0361,6.84e-06,Sad
0.555,0.216,0.504,79.109,-11.661,0.557,0.0721,0.00416,Calm
0.388,0.291,0.51,83.943,-12.952,0.774,0.0421,1.93e-05,Calm
0.531,0.363,0.259,121.412,-7.672,0.749,0.0608,0.0,Sad
0.303,0.187,0.212,132.679,-16.757,0.989,0.0356,0.499,Sad
0.527,0.551,0.443,148.035,-11.258,0.384,0.0345,2.75e-06,Calm
0.6,0.186,0.468,110.044,-15.926,0.909,0.0317,0.00102,Calm
0.586,0.439,0.365,122.877,-7.993,0.715,0.0346,0.0,Sad
0.654,0.417,0.649,87.003,-9.226,0.446,0.0387,0.0,Calm
0.483,0.731,0.484,101.654,-6.696,0.436,0.0381,0.0,Calm
0.656,0.731,0.376,94.009,-5.861,0.575,0.0278,0.00111,Calm
0.505,0.624,0.413,170.076,-6.526,0.0253,0.0373,1.06e-05,Calm
0.413,0.452,0.102,108.953,-10.232,0.588,0.0308,0.0413,Sad
0.637,0.864,0.706,99.995,-4.381,0.484,0.0468,0.0,Happy
0.494,0.413,0.273,94.938,-10.432,0.682,0.0254,6.72e-05,Sad
0.611,0.331,0.559,95.015,-12.493,0.93,0.028,0.000276,Calm
0.681,0.312,0.789,128.094,-16.173,0.816,0.0452,0.000619,Calm
0.625,0.316,0.452,127.823,-12.124,0.777,0.0815,0.238,Calm
0.537,0.399,0.832,171.402,-13.547,0.202,0.0269,0.0546,Calm
0.687,0.533,0.814,130.398,-8.853,0.573,0.0314,6.43e-05,Calm
0.653,0.507,0.831,123.188,-17.18,0.687,0.0534,0.0147,Calm
0.611,0.331,0.559,95.015,-12.493,0.93,0.028,0.000276,Calm
0.583,0.309,0.473,82.789,-14.509,0.824,0.045,0.207,Calm
0.868,0.748,0.829,119.965,-3.492,0.29,0.0951,3.93e-06,Happy
0.854,0.611,0.417,100.024,-6.26,0.223,0.0864,0.0,Calm
0.522,0.128,0.124,109.986,-18.717,0.894,0.0357,0.026,Sad
0.498,0.235,0.0895,118.917,-16.541,0.72,0.188,0.0,Sad
0.235,0.00362,0.0885,69.677,-37.822,0.995,0.0441,0.79,Sad
0.853,0.618,0.32,126.031,-10.833,0.633,0.0923,0.89,Calm
0.875,0.518,0.37,126.089,-8.388,0.0638,0.0551,0.00995,Calm
0.571,0.791,0.585,122.085,-5.935,0.0494,0.0741,0.0,Energetic
0.793,0.717,0.466,121.985,-4.759,0.0927,0.0393,3.6e-05,Calm
0.762,0.942,0.038,120.0,-6.432,0.586,0.038,0.764,Energetic
0.58,0.777,0.589,108.005,-5.69,0.104,0.0655,0.0,Energetic
0.729,0.836,0.288,113.998,-4.312,0.156,0.0462,3.27e-05,Energetic
0.875,0.518,0.37,126.089,-8.388,0.0638,0.0551,0.00995,Calm
0.704,0.787,0.31,119.996,-6.751,0.00926,0.0462,0.00538,Energetic
0.853,0.618,0.32,126.031,-10.833,0.633,0.0923,0.89,Calm
0.596,0.856,0.743,127.949,-3.556,0.0211,0.0346,0.0178,Happy
0.874,0.869,0.726,126.027,-5.996,0.00116,0.0315,0.00238,Happy
0.88,0.729,0.246,127.028,-6.378,0.334,0.176,0.0113,Calm
0.755,0.86,0.618,128.004,-4.811,0.0144,0.0523,7.47e-06,Energetic
0.513,0.813,0.355,125.91,-2.744,0.28,0.0335,0.0,Energetic
0.845,0.797,0.422,121.985,-4.984,0.0582,0.139,5.57e-06,Energetic
0.58,0.777,0.589,108.005,-5.69,0.104,0.0655,0.0,Energetic
0.687,0.818,0.886,125.952,-4.221,0.0112,0.0778,0.0,Happy
0.847,0.69,0.692,125.004,-7.877,0.0127,0.0493,6e-05,Calm
0.67,0.896,0.403,101.216,-4.673,0.0342,0.058,3.21e-05,Energetic
0.671,0.876,0.964,129.998,-5.681,0.12,0.0352,0.188,Happy
0.587,0.722,0.466,121.964,-6.983,0.000754,0.0709,0.668,Calm
0.655,0.886,0.778,120.032,-5.227,0.066,0.0502,0.0,Happy
0.558,0.655,0.39,129.89,-5.476,0.208,0.0379,0.0,Calm
0.847,0.637,0.0509,120.033,-8.751,0.201,0.0587,0.201,Calm
0.545,0.793,0.411,87.024,-3.615,0.191,0.0371,0.00281,Energetic
0.581,0.647,0.257,117.737,-7.335,0.0778,0.0614,0.0502,Calm
0.621,0.785,0.779,123.96,-4.499,0.0165,0.11,5.92e-06,Happy
0.714,0.841,0.865,129.973,-5.942,0.0622,0.0641,0.366,Happy
0.848,0.821,0.249,125.051,-5.408,0.0169,0.0527,0.000403,Energetic
0.605,0.855,0.302,75.031,-4.414,0.473,0.329,0.000709,Energetic
0.763,0.782,0.502,127.034,-4.541,0.182,0.0346,7.08e-06,Energetic
0.777,0.821,0.439,140.039,-4.963,0.14,0.0595,0.0042,Energetic
0.853,0.594,0.83,129.995,-6.823,0.052,0.0371,0.134,Calm
0.747,0.867,0.684,124.015,-7.311,0.582,0.088,0.00413,Energetic
0.567,0.606,0.314,123.006,-6.543,0.0801,0.0438,0.0,Calm
0.651,0.937,0.666,123.993,-4.078,0.236,0.0468,0.0975,Energetic
0.671,0.888,0.412,123.031,-4.285,0.0022,0.0412,0.0106,Energetic
0.634,0.714,0.409,127.993,-7.529,0.00882,0.104,0.0025,Calm
0.689,0.897,0.582,124.025,-4.487,0.145,0.034,4.6e-06,Energetic
0.652,0.863,0.805,130.02,-4.853,0.0921,0.0523,0.0,Happy
0.608,0.688,0.214,127.938,-8.597,0.0554,0.0499,0.00736,Calm
0.772,0.951,0.4,74.973,-3.375,0.0634,0.271,0.000738,Energetic
0.588,0.88,0.523,130.085,-5.15,0.0243,0.0354,6.89e-05,Energetic
0.785,0.831,0.673,126.056,-3.681,0.0038,0.0444,0.0105,Energetic
0.724,0.8,0.925,119.984,-5.468,0.0103,0.0541,9.38e-05,Happy
0.599,0.392,0.26,75.066,-6.869,0.378,0.0257,0.000107,Sad
0.713,0.802,0.343,100.001,-7.055,0.0435,0.0561,0.00377,Energetic
0.631,0.953,0.422,141.99,-3.739,0.0241,0.0343,0.0155,Energetic
0.762,0.942,0.038,120.0,-6.432,0.586,0.038,0.764,Energetic
0.695,0.432,0.765,81.109,-8.195,0.312,0.0479,0.0,Calm
0.738,0.483,0.774,90.941,-9.097,0.467,0.0526,0.0,Calm
0.72,0.538,0.805,80.096,-8.874,0.348,0.0455,0.0,Calm
0.848,0.712,0.692,91.98,-3.574,0.221,0.0981,0.0,Calm
0.725,0.681,0.762,99.998,-5.277,0.318,0.0376,0.0,Happy
0.763,0.519,0.804,100.025,-7.426,0.22,0.0636,6.42e-06,Calm
0.773,0.616,0.25,104.008,-4.516,0.0565,0.0416,4.24e-05,Calm
0.786,0.854,0.522,117.994,-2.4,0.169,0.0741,2.39e-05,Energetic
0.724,0.578,0.757,167.985,-7.117,0.632,0.0819,1.06e-06,Calm
0.911,0.778,0.345,96.057,-2.248,0.0887,0.262,2.16e-05,Energetic
0.801,0.645,0.528,119.935,-5.605,0.604,0.0706,0.0,Calm
0.787,0.621,0.13,139.056,-5.009,0.15,0.068,0.000402,Calm
0.847,0.724,0.396,94.601,-5.41,0.0869,0.298,1.11e-06,Calm
0.845,0.795,0.681,94.969,-3.502,0.343,0.0681,1.78e-05,Energetic
0.841,0.738,0.484,169.918,-7.455,0.52,0.307,0.0,Calm
0.652,0.8,0.234,143.978,-4.019,0.143,0.0614,0.629,Energetic
0.863,0.706,0.686,140.017,-5.555,0.143,0.103,4.43e-05,Calm
0.713,0.703,0.576,123.06,-5.769,0.298,0.194,0.0,Calm
0.911,0.712,0.425,92.005,-5.105,0.0901,0.0817,2.68e-05,Calm
0.797,0.616,0.451,103.071,-10.229,0.762,0.375,0.000293,Calm
0.801,0.475,0.234,98.047,-8.797,0.141,0.0516,1.73e-05,Sad
0.65,0.715,0.187,106.672,-5.198,0.0993,0.253,0.000291,Calm
0.795,0.684,0.419,114.011,-3.971,0.0225,0.0419,0.0,Calm
0.663,0.786,0.579,196.12,-3.51,0.229,0.195,0.0,Energetic
0.771,0.707,0.317,127.963,-6.404,0.389,0.055,0.0,Calm
0.815,0.856,0.872,91.995,-3.825,0.4,0.122,8.34e-05,Happy
0.725,0.86,0.791,175.896,-3.726,0.422,0.182,0.000284,Happy
0.659,0.688,0.632,153.979,-4.649,0.207,0.0673,0.0,Calm
0.644,0.648,0.44,179.951,-4.601,0.276,0.118,0.0,Calm
0.811,0.637,0.471,92.025,-4.835,0.234,0.0591,0.000572,Calm
0.856,0.618,0.391,81.993,-4.892,0.0303,0.286,0.0,Calm
0.78,0.759,0.579,91.952,-3.292,0.462,0.225,0.000868,Energetic
0.731,0.573,0.145,109.928,-10.059,0.401,0.0544,5.22e-05,Calm
0.691,0.765,0.855,174.021,-4.727,0.464,0.111,3.29e-06,Happy
0.607,0.829,0.685,96.172,-4.074,0.0103,0.379,0.0,Energetic
0.685,0.848,0.761,179.87,-4.561,0.0861,0.0858,7.14e-06,Happy
0.86,0.791,0.887,92.023,-4.784,0.169,0.0568,0.000106,Happy
0.9,0.603,0.824,129.928,-5.313,0.402,0.0646,4.81e-06,Happy
0.762,0.801,0.81,93.992,-3.661,0.2,0.0409,7.04e-05,Happy
0.86,0.758,0.453,97.014,-5.16,0.021,0.0695,6.54e-05,Energetic
0.879,0.703,0.788,94.004,-4.219,0.143,0.0701,0.0,Happy
0.819,0.596,0.622,165.951,-7.009,0.225,0.318,1.19e-06,Calm
0.756,0.646,0.429,176.088,-5.795,0.152,0.319,1.81e-05,Calm
0.639,0.791,0.933,92.603,-4.443,0.0275,0.254,0.0,Happy
0.61,0.624,0.244,176.169,-4.773,0.6,0.309,2.12e-06,Calm
0.882,0.689,0.746,97.963,-4.027,0.39,0.124,0.00325,Happy
0.857,0.647,0.553,95.982,-4.152,0.391,0.0984,1.2e-06,Calm
0.737,0.86,0.656,93.989,-2.652,0.11,0.0593,1.94e-06,Energetic
0.746,0.836,0.874,96.993,-4.336,0.145,0.0445,0.00291,Happy
0.818,0.673,0.695,87.961,-7.542,0.348,0.148,0.0,Calm
0.718,0.711,0.92,173.916,-5.746,0.157,0.11,5.52e-05,Happy
0.73,0.701,0.785,175.95,-5.885,0.132,0.106,0.0,Happy
0.746,0.746,0.733,175.965,-5.046,0.152,0.102,0.0,Happy
0.807,0.681,0.676,140.006,-6.268,0.423,0.0983,0.0,Calm
0.799,0.69,0.682,106.034,-7.252,0.282,0.1,0.001,Calm
0.683,0.812,0.724,87.864,-4.493,0.161,0.0711,0.000404,Happy
0.55,0.598,0.543,83.836,-5.402,0.132,0.0831,2.58e-06,Calm
0.714,0.761,0.906,168.022,-4.596,0.139,0.0427,0.00035,Happy
0.713,0.617,0.682,168.021,-4.637,0.122,0.0887,0.0,Calm
0.627,0.675,0.961,79.31,-7.125,0.125,0.212,0.0,Happy
0.635,0.706,0.443,88.863,-3.224,0.256,0.125,0.0,Calm
0.762,0.766,0.442,130.001,-3.955,0.00776,0.0343,6.98e-05,Energetic
0.793,0.745,0.716,94.979,-4.579,0.182,0.0571,0.000189,Happy
0.737,0.766,0.662,93.956,-4.242,0.31,0.0458,6.63e-06,Energetic
0.639,0.703,0.138,169.888,-6.33,0.0889,0.0794,1.78e-06,Calm
0.843,0.7,0.899,93.991,-3.563,0.0934,0.0803,0.0,Happy
0.869,0.694,0.511,90.02,-3.35,0.356,0.0783,0.00125,Calm
0.695,0.636,0.575,174.14,-4.654,0.234,0.317,0.0,Calm
0.564,0.903,0.607,78.293,-3.221,0.356,0.307,0.0,Energetic
0.804,0.674,0.292,99.968,-5.453,0.294,0.0333,1.18e-06,Calm
0.849,0.584,0.724,115.018,-8.195,0.0929,0.115,6.18e-06,Calm
0.655,0.673,0.342,181.891,-5.98,0.473,0.308,0.0,Calm
0.627,0.858,0.342,92.523,-2.824,0.263,0.386,0.0,Energetic
0.703,0.694,0.298,95.0,-4.808,0.436,0.0607,5.8e-06,Calm
0.757,0.789,0.464,91.911,-3.46,0.307,0.0583,0.0,Energetic
0.704,0.739,0.425,179.879,-3.286,0.328,0.112,1.93e-05,Calm
0.734,0.846,0.604,98.026,-3.425,0.166,0.0489,1.74e-06,Energetic
0.892,0.662,0.607,93.976,-3.894,0.169,0.162,1.24e-06,Calm
0.812,0.479,0.559,169.922,-5.678,0.213,0.333,1.21e-06,Calm
0.791,0.892,0.916,97.008,-2.58,0.0509,0.0521,0.000355,Happy
0.708,0.737,0.607,91.986,-4.045,0.0739,0.0436,0.00162,Calm
0.822,0.711,0.934,102.984,-4.943,0.179,0.0668,1.46e-05,Happy
0.785,0.812,0.903,162.087,-3.174,0.147,0.0644,0.0,Happy
0.843,0.794,0.796,92.998,-4.686,0.226,0.0426,1.22e-06,Happy
0.771,0.769,0.931,167.969,-3.504,0.18,0.0694,1.57e-05,Happy
0.72,0.88,0.463,180.011,-2.834,0.0562,0.101,0.06,Energetic
0.817,0.672,0.774,93.999,-5.612,0.441,0.299,0.0,Happy
0.898,0.543,0.359,98.992,-8.317,0.343,0.121,0.000623,Calm
0.725,0.709,0.648,99.993,-5.017,0.321,0.129,0.000189,Calm
0.88,0.766,0.594,96.037,-2.906,0.0881,0.0505,1.79e-05,Energetic
0.714,0.671,0.641,169.727,-5.119,0.292,0.362,0.0,Calm
0.703,0.617,0.486,173.97,-5.696,0.215,0.151,6.11e-06,Calm
0.763,0.626,0.78,100.02,-5.637,0.0859,0.0433,0.225,Happy
0.791,0.499,0.669,99.986,-8.472,0.446,0.0509,2.41e-05,Calm
0.793,0.476,0.578,129.992,-10.515,0.132,0.0406,0.0,Calm
0.535,0.71,0.523,92.009,-2.978,0.428,0.324,0.0,Calm
0.924,0.668,0.787,128.027,-6.795,0.446,0.0469,0.000594,Happy
0.69,0.482,0.356,100.029,-6.335,0.523,0.2,0.0004,Sad
0.937,0.779,0.95,128.028,-3.539,0.22,0.329,6.85e-05,Happy
0.669,0.583,0.271,115.221,-8.949,0.603,0.269,2.54e-06,Calm
0.696,0.496,0.476,100.025,-7.532,0.273,0.0365,0.000397,Calm
0.858,0.665,0.659,100.09,-4.772,0.126,0.152,0.0,Calm
0.774,0.86,0.446,100.019,-2.888,0.131,0.13,0.0,Energetic
0.755,0.507,0.606,99.994,-6.76,0.293,0.0684,1.82e-05,Calm
0.828,0.599,0.478,86.533,-1.624,0.381,0.149,0.0,Calm
0.956,0.827,0.614,129.949,1.295,0.136,0.222,0.000259,Energetic
0.748,0.99,0.386,126.015,-2.39,0.303,0.151,0.132,Energetic
0.877,0.803,0.795,130.028,-3.195,0.734,0.0507,0.056,Happy
0.92,0.413,0.679,130.078,-7.901,0.504,0.0752,0.0514,Calm
0.89,0.789,0.758,130.053,-1.826,0.147,0.428,0.0,Happy
0.492,0.427,0.443,80.492,-6.37,0.364,0.372,0.00482,Calm
0.949,0.669,0.843,130.05,-3.922,0.36,0.222,0.000592,Happy
0.778,0.687,0.839,117.008,-8.568,0.578,0.105,0.0105,Happy
0.679,0.955,0.713,130.068,-3.715,0.000737,0.0437,0.235,Happy
0.615,0.582,0.892,84.917,-0.93,0.269,0.364,6.55e-05,Calm
0.863,0.96,0.586,130.118,-1.458,0.497,0.0492,0.00526,Energetic
0.863,0.907,0.304,117.054,-5.077,0.0683,0.295,0.000813,Energetic
0.711,0.59,0.702,86.429,-5.967,0.26,0.271,1.83e-06,Calm
0.707,0.327,0.181,90.025,-17.176,0.185,0.0687,0.0148,Sad
0.629,0.729,0.427,98.022,-5.235,0.431,0.0379,7.75e-05,Calm
0.685,0.656,0.556,120.001,-8.028,0.702,0.0411,0.0,Calm
0.831,0.606,0.883,95.056,-4.84,0.684,0.0626,1.04e-06,Happy
0.726,0.914,0.839,108.02,-4.226,0.0758,0.0802,0.0,Happy
0.536,0.724,0.587,78.753,-6.84,0.748,0.152,0.0,Calm
0.406,0.622,0.567,204.028,-7.647,0.497,0.0648,1.35e-05,Calm
0.52,0.538,0.177,141.894,-8.109,0.367,0.206,0.00187,Calm
0.891,0.586,0.954,130.012,-4.665,0.0833,0.121,0.0,Calm
0.769,0.722,0.57,119.973,-5.485,0.0584,0.0507,2.56e-06,Calm
0.856,0.84,0.792,95.416,-7.736,0.0973,0.334,0.0,Happy
0.373,0.818,0.361,97.571,-3.19,0.36,0.102,0.0,Energetic
0.284,0.803,0.553,67.536,-5.293,0.302,0.173,0.0,Energetic
0.575,0.86,0.834,76.54,-3.165,0.298,0.23,0.0,Happy
0.562,0.579,0.577,84.143,-6.788,0.274,0.484,0.0,Calm
0.455,0.621,0.28,119.043,-7.694,0.651,0.0517,2.59e-06,Calm
0.435,0.76,0.206,80.082,-4.935,0.0175,0.0721,0.0,Energetic
0.677,0.638,0.435,82.81,-8.631,0.589,0.333,0.0,Calm
0.665,0.498,0.127,81.958,-8.185,0.23,0.083,0.0,Sad
0.942,0.441,0.925,135.028,-11.448,0.493,0.469,0.0,Calm
0.852,0.421,0.457,95.977,-9.153,0.428,0.208,2.28e-06,Calm
0.47,0.652,0.104,141.981,-9.629,0.0831,0.0561,4.08e-05,Calm
0.669,0.574,0.273,120.013,-6.442,0.0175,0.0286,0.00294,Calm
0.809,0.638,0.608,94.893,-5.646,0.262,0.28,0.0,Calm
0.734,0.57,0.689,129.953,-7.066,0.847,0.133,2.14e-05,Calm
0.798,0.744,0.794,82.356,-5.328,0.33,0.136,0.000106,Happy
0.493,0.653,0.852,142.347,-5.666,0.269,0.0466,0.0,Happy
0.843,0.435,0.19,120.058,-8.442,0.47,0.178,0.0,Sad
0.837,0.636,0.274,145.972,-7.643,0.0395,0.086,0.00125,Calm
0.639,0.628,0.43,90.482,-7.578,0.0381,0.0398,0.0,Calm
0.741,0.354,0.583,160.037,-10.603,0.181,0.0837,0.00577,Calm
0.809,0.463,0.364,111.98,-11.377,0.256,0.0396,0.085,Sad
0.583,0.604,0.691,49.305,-8.437,0.735,0.456,0.0,Calm
0.599,0.646,0.638,176.153,-6.326,0.222,0.337,4.36e-06,Calm
0.746,0.251,0.18,139.999,-16.169,0.782,0.259,0.00203,Sad
0.918,0.734,0.608,97.044,-2.832,0.0296,0.269,8.01e-06,Calm
0.874,0.63,0.717,95.0,-3.585,0.0578,0.298,0.00479,Happy
0.848,0.506,0.593,115.994,-5.105,0.376,0.0336,0.0,Calm
0.67,0.747,0.918,86.918,-7.059,0.337,0.189,0.0,Happy
0.595,0.678,0.259,117.067,-5.18,0.0199,0.0335,0.00389,Calm
0.747,0.52,0.601,92.869,-10.523,0.0977,0.0357,0.0537,Calm
0.797,0.533,0.329,131.036,-9.74,0.0172,0.0412,0.000152,Calm
0.552,0.731,0.632,174.516,-6.873,0.0536,0.615,0.0,Calm
0.558,0.559,0.62,78.558,-9.222,0.371,0.0959,7.49e-06,Calm
0.48,0.631,0.515,84.166,-5.488,0.0791,0.116,0.000105,Calm
0.898,0.283,0.469,138.97,-12.335,0.319,0.356,0.000383,Calm
0.766,0.283,0.144,97.04,-10.33,0.111,0.0846,0.0172,Sad
0.737,0.648,0.746,93.2,-5.493,0.252,0.138,6.92e-06,Happy
0.502,0.634,0.645,101.837,-3.367,0.677,0.144,0.0341,Calm
0.619,0.385,0.294,106.312,-11.272,0.129,0.118,0.00369,Sad
0.49,0.651,0.567,67.813,-6.259,0.714,0.138,7.59e-06,Calm
0.823,0.415,0.488,113.976,-10.845,0.471,0.0637,0.0316,Calm
0.778,0.801,0.914,104.986,-7.326,0.692,0.106,0.000155,Happy
0.918,0.681,0.706,139.057,-4.705,0.263,0.201,0.0,Happy
0.719,0.756,0.647,105.024,-5.392,0.0541,0.0761,0.0,Energetic
0.792,0.503,0.381,99.97,-8.044,0.0369,0.0626,0.00057,Calm
0.562,0.463,0.416,125.15,-7.478,0.442,0.0787,0.000145,Calm
0.849,0.707,0.602,104.027,-6.002,0.0266,0.113,8.58e-06,Calm
0.637,0.501,0.431,103.993,-6.148,0.229,0.187,5.91e-05,Calm
0.812,0.496,0.55,109.979,-5.969,0.271,0.297,0.0,Calm
0.609,0.581,0.528,102.964,-10.854,0.509,0.277,0.0,Calm
0.463,0.642,0.339,83.389,-4.474,0.314,0.34,0.0,Calm
0.649,0.655,0.793,92.9,-5.534,0.307,0.0652,0.0,Happy
0.613,0.549,0.78,123.879,-8.187,0.097,0.231,0.0,Calm
0.782,0.529,0.44,112.014,-8.626,0.509,0.0592,1.42e-06,Calm
0.138,0.00161,0.155,140.997,-43.643,0.977,0.0532,0.971,Sad
0.329,0.277,0.121,159.719,-13.111,0.971,0.0302,0.024,Sad
0.44,0.04,0.249,135.965,-16.887,0.981,0.0322,0.465,Sad
0.575,0.664,0.437,129.071,-5.303,0.637,0.0481,0.0,Calm
0.613,0.581,0.551,130.033,-8.588,0.537,0.0424,0.000345,Calm
0.324,0.416,0.151,113.986,-8.92,0.262,0.0368,3.69e-05,Sad
0.531,0.363,0.259,121.412,-7.672,0.749,0.0608,0.0,Sad
0.421,0.394,0.399,96.192,-8.312,0.863,0.0277,4.74e-06,Sad
0.504,0.308,0.121,113.95,-14.958,0.868,0.0321,0.135,Sad
0.718,0.422,0.455,144.678,-9.115,0.0764,0.0621,0.0,Calm
0.327,0.449,0.179,123.969,-5.362,0.369,0.034,0.00444,Sad
0.387,0.135,0.21,82.987,-14.398,0.929,0.051,0.0,Sad
0.539,0.179,0.145,140.01,-14.33,0.921,0.0309,0.393,Sad
0.467,0.119,0.156,70.499,-10.99,0.969,0.0401,1.4e-06,Sad
0.319,0.0561,0.082,79.764,-23.023,0.935,0.045,0.00384,Sad
0.474,0.343,0.152,145.115,-8.571,0.578,0.027,2.65e-05,Sad
0.671,0.156,0.201,94.08,-16.288,0.804,0.0371,0.0518,Sad
0.599,0.128,0.367,159.679,-17.261,0.974,0.109,0.121,Sad
0.483,0.129,0.203,137.35,-20.149,0.947,0.0349,0.145,Sad
0.516,0.322,0.261,148.005,-11.762,0.473,0.0292,0.00194,Sad
0.371,0.268,0.165,102.617,-10.506,0.748,0.0281,0.0517,Sad
0.408,0.338,0.1,133.943,-13.626,0.521,0.0431,0.000639,Sad
0.531,0.289,0.12,129.753,-10.065,0.339,0.0286,0.000358,Sad
0.334,0.276,0.429,201.025,-13.125,0.877,0.0643,0.000249,Calm
0.538,0.304,0.065,78.997,-11.79,0.613,0.0352,0.000631,Sad
0.606,0.377,0.446,101.96,-9.455,0.817,0.0275,0.0,Calm
0.509,0.31,0.151,137.474,-10.623,0.959,0.0313,0.229,Sad
0.554,0.225,0.221,104.007,-11.324,0.892,0.0281,0.0321,Sad
0.357,0.425,0.27,102.078,-7.301,0.584,0.0333,0.0,Sad
0.369,0.468,0.18,94.434,-9.013,0.0205,0.0273,0.566,Sad
0.457,0.407,0.126,117.053,-11.475,0.805,0.0308,0.884,Sad
0.404,0.664,0.0949,107.747,-6.698,0.542,0.0407,0.00402,Calm
0.521,0.526,0.502,130.694,-6.032,0.243,0.0281,0.00537,Calm
0.395,0.367,0.426,77.968,-7.653,0.815,0.0324,0.0,Calm
0.409,0.347,0.199,141.332,-8.159,0.834,0.0359,4.55e-06,Sad
0.617,0.483,0.176,144.99,-7.359,0.702,0.0458,0.000216,Sad
0.48,0.199,0.201,165.476,-12.398,0.931,0.0329,0.0563,Sad
0.687,0.288,0.308,110.927,-10.415,0.863,0.045,0.0,Sad
0.415,0.11,0.234,81.876,-14.901,0.951,0.0388,0.00236,Sad
0.443,0.0972,0.289,86.686,-16.496,0.952,0.0793,0.0102,Sad
0.34,0.245,0.192,103.777,-13.352,0.969,0.0319,0.0992,Sad
0.631,0.348,0.32,110.019,-10.285,0.926,0.0343,8.87e-05,Sad
0.403,0.159,0.0381,72.38,-16.728,0.961,0.104,0.0121,Sad
0.671,0.529,0.203,161.989,-7.226,0.0769,0.307,0.000335,Calm
0.672,0.663,0.381,184.057,-5.984,0.112,0.243,0.0,Calm
0.686,0.561,0.186,148.775,-9.929,0.185,0.191,0.0,Calm
0.565,0.819,0.682,94.011,-7.899,0.232,0.0668,0.0,Energetic
0.718,0.767,0.519,160.084,-5.641,0.138,0.166,0.0,Energetic
0.547,0.653,0.163,150.097,-3.875,0.456,0.081,0.0,Calm
0.832,0.534,0.116,93.924,-7.813,0.345,0.253,0.0,Calm
0.897,0.662,0.39,112.509,-6.903,0.0852,0.292,0.0,Calm
0.567,0.515,0.321,120.1,-10.265,0.354,0.247,0.0,Calm
0.665,0.651,0.237,163.935,-5.515,0.0414,0.156,0.0,Calm
0.629,0.55,0.154,124.13,-6.772,0.152,0.0543,0.0,Calm
0.684,0.671,0.45,179.987,-6.424,0.0119,0.289,0.0,Calm
0.498,0.8,0.272,139.918,-2.665,0.0903,0.0503,0.0,Energetic
0.634,0.54,0.543,143.968,-7.002,0.0223,0.0777,0.0,Calm
0.809,0.545,0.244,97.008,-6.678,0.392,0.0734,0.0,Calm
0.735,0.369,0.235,140.004,-9.682,0.334,0.0688,0.0,Sad
0.709,0.662,0.439,150.047,-4.55,0.00966,0.0767,0.0,Calm
0.732,0.75,0.401,155.096,-6.366,0.00264,0.231,0.0,Energetic
0.712,0.588,0.471,114.929,-5.332,0.112,0.0543,0.0,Calm
0.829,0.538,0.389,99.952,-7.359,0.137,0.212,1.88e-06,Calm
0.872,0.507,0.506,130.007,-6.323,0.195,0.072,0.0,Calm
0.648,0.631,0.142,105.989,-5.662,0.38,0.104,0.0,Calm
0.946,0.646,0.961,127.978,-6.604,0.219,0.21,0.0,Happy
0.625,0.814,0.535,144.991,-5.181,0.0172,0.0657,0.0,Energetic
0.724,0.779,0.53,123.013,-5.412,0.098,0.0807,0.0,Energetic
0.695,0.763,0.551,120.042,-3.497,0.189,0.0396,0.00242,Energetic
0.701,0.782,0.57,94.03,-4.987,0.0918,0.138,2.31e-06,Energetic
0.49,0.88,0.392,169.949,-4.856,0.00154,0.0435,0.0,Energetic
0.748,0.551,0.65,113.535,-9.054,0.243,0.0239,1.57e-06,Calm
0.558,0.526,0.202,124.709,-4.686,0.431,0.033,0.0,Calm
0.553,0.614,0.345,136.628,-5.098,0.764,0.0306,0.0,Calm
0.469,0.506,0.217,133.403,-6.283,0.587,0.0291,0.0,Calm
0.437,0.384,0.181,139.009,-8.384,0.699,0.042,2.33e-05,Sad
0.815,0.557,0.482,114.019,-7.166,0.109,0.0318,0.0,Calm
0.46,0.326,0.214,134.049,-8.226,0.763,0.0304,0.0,Sad
0.512,0.76,0.495,130.096,-5.889,0.299,0.0682,0.0,Energetic
0.714,0.645,0.434,85.046,-5.493,0.229,0.0514,0.00083,Calm
0.68,0.321,0.416,110.827,-10.944,0.791,0.0376,4.67e-06,Calm
0.796,0.499,0.798,93.99,-6.166,0.392,0.0404,0.0,Calm
0.675,0.588,0.879,79.989,-7.168,0.789,0.177,0.0,Calm
0.645,0.533,0.349,130.02,-11.65,0.644,0.0351,7.08e-06,Calm
0.775,0.615,0.918,84.07,-5.682,0.304,0.368,0.0,Happy
0.509,0.798,0.48,86.638,-4.472,0.00625,0.235,0.0,Energetic
0.656,0.606,0.38,175.917,-5.948,0.335,0.363,0.0,Calm
0.711,0.702,0.674,180.219,-10.048,0.00487,0.233,0.0163,Calm
0.461,0.78,0.448,171.285,-5.004,0.128,0.363,0.0,Energetic
0.881,0.431,0.246,94.0,-11.093,0.182,0.0914,0.0018,Sad
0.796,0.455,0.352,99.958,-7.763,0.637,0.0997,3.59e-06,Sad
0.967,0.362,0.633,115.974,-11.374,0.514,0.159,0.00637,Calm
0.742,0.627,0.356,89.998,-8.939,0.262,0.0533,1.23e-05,Calm
0.742,0.572,0.644,88.041,-8.163,0.391,0.0743,0.00428,Calm
0.769,0.684,0.483,100.042,-6.113,0.0977,0.148,0.0,Calm
0.794,0.566,0.68,85.953,-8.35,0.301,0.0602,0.000168,Calm
0.848,0.512,0.881,144.926,-7.757,0.284,0.118,0.00645,Calm
0.831,0.75,0.662,139.979,-5.42,0.0188,0.153,0.0,Energetic
0.864,0.733,0.183,92.969,-3.292,0.144,0.0713,0.000175,Calm
0.708,0.356,0.569,83.679,-9.738,0.437,0.075,6.54e-05,Calm
0.716,0.718,0.91,89.906,-5.348,0.0452,0.148,0.0,Happy
0.464,0.745,0.262,180.098,-3.202,0.0235,0.161,0.0,Calm
0.836,0.661,0.753,76.71,-6.502,0.0208,0.338,0.0,Happy
0.727,0.782,0.655,119.992,-8.529,0.0563,0.042,0.336,Energetic
0.704,0.787,0.31,119.996,-6.751,0.00926,0.0462,0.00538,Energetic
0.795,0.577,0.206,119.986,-9.638,0.00263,0.0648,0.147,Calm
0.43,0.872,0.136,122.028,-7.821,0.118,0.0522,0.879,Energetic
0.542,0.946,0.229,120.036,-6.048,0.0312,0.0425,0.632,Energetic
0.702,0.797,0.0356,122.011,-6.635,0.583,0.0557,0.495,Energetic
0.787,0.723,0.579,123.993,-6.995,0.0509,0.152,0.00447,Calm
0.741,0.879,0.362,123.004,-6.132,0.0841,0.0425,0.0433,Energetic
0.655,0.57,0.487,121.843,-11.475,0.527,0.0487,0.43,Calm
0.847,0.637,0.0509,120.033,-8.751,0.201,0.0587,0.201,Calm
0.808,0.83,0.465,120.97,-8.238,0.00575,0.0356,0.809,Energetic
0.27,0.0516,0.199,87.587,-33.766,0.986,0.0442,0.953,Sad
0.191,0.0582,0.0454,132.614,-25.398,0.961,0.0578,0.89,Sad
0.265,0.146,0.416,172.13,-21.134,0.985,0.0323,0.893,Calm
0.396,0.0559,0.278,95.217,-20.707,0.987,0.0599,0.935,Sad
0.34,0.138,0.325,128.563,-24.95,0.984,0.0357,0.846,Sad
0.286,0.0968,0.0395,62.881,-16.806,0.178,0.0323,0.696,Sad
0.532,0.874,0.361,91.038,-5.183,0.00842,0.0482,0.012,Energetic
0.485,0.149,0.112,82.019,-20.394,0.886,0.0282,0.917,Sad
0.252,0.0823,0.0381,67.238,-27.338,0.951,0.0344,0.928,Sad
0.534,0.855,0.601,117.987,-7.578,0.00043,0.0342,0.893,Energetic
0.529,0.641,0.089,141.931,-6.78,0.0711,0.0336,0.76,Calm
0.564,0.754,0.457,170.084,-8.849,0.0424,0.0646,0.84,Energetic
0.552,0.715,0.858,113.861,-9.291,0.0286,0.0524,0.702,Happy
0.605,0.687,0.12,106.896,-13.928,0.479,0.045,0.949,Calm
0.528,0.91,0.137,130.032,-7.309,0.346,0.0366,0.764,Energetic
0.911,0.573,0.972,140.04,-7.43,0.38,0.288,0.0,Calm
0.747,0.413,0.481,146.05,-11.197,0.848,0.488,0.0,Calm
0.885,0.332,0.423,141.849,-8.62,0.0185,0.848,0.0,Calm
0.922,0.674,0.726,140.065,-4.429,0.323,0.366,3.07e-06,Happy
0.583,0.731,0.446,149.987,-6.18,0.0107,0.0271,0.0136,Calm
0.751,0.731,0.973,97.007,-4.419,0.0838,0.0308,0.0,Happy
0.673,0.84,0.94,97.027,-3.564,0.0683,0.0559,0.0,Happy
0.696,0.758,0.858,129.944,-6.077,0.172,0.0263,3.09e-05,Happy
0.657,0.447,0.523,121.989,-13.148,0.478,0.0303,0.00105,Calm
0.649,0.777,0.667,123.003,-3.546,0.00738,0.0397,3.43e-05,Energetic
0.332,0.592,0.31,170.391,-6.127,0.0824,0.0371,0.0,Calm
0.452,0.523,0.363,173.85,-6.453,0.563,0.0625,0.0,Calm
0.487,0.715,0.638,84.098,-4.417,0.294,0.0519,0.0,Calm
0.648,0.659,0.532,106.196,-6.369,0.115,0.0259,0.000307,Calm
0.374,0.85,0.348,125.796,-5.657,0.0904,0.0404,0.0,Energetic
0.601,0.643,0.387,76.979,-4.581,0.155,0.0272,0.0,Calm
0.425,0.479,0.279,123.217,-12.22,0.44,0.0419,0.000109,Sad
0.487,0.553,0.699,126.043,-11.197,0.209,0.0425,2.81e-05,Calm
0.715,0.358,0.742,145.751,-15.522,0.743,0.033,0.0133,Calm
0.791,0.759,0.917,124.725,-5.67,0.0823,0.037,4.44e-05,Happy
0.594,0.936,0.39,172.547,-4.722,0.0224,0.0944,0.000351,Energetic
0.714,0.735,0.68,123.57,-7.125,0.176,0.0306,0.000622,Calm
0.781,0.631,0.909,112.481,-7.615,0.0533,0.0307,0.00285,Happy
0.634,0.854,0.564,148.003,-3.444,0.00737,0.0369,2.49e-06,Energetic
0.742,0.879,0.936,133.946,-4.274,0.0696,0.0328,7.17e-06,Happy
0.77,0.824,0.49,172.006,-6.491,0.485,0.0851,0.0,Energetic
0.732,0.809,0.253,116.015,-7.264,0.0266,0.0878,0.0,Energetic
0.811,0.797,0.541,97.988,-5.428,0.0617,0.165,0.0,Energetic
0.525,0.807,0.741,155.397,-6.366,0.251,0.0725,0.0,Happy
0.79,0.593,0.72,119.958,-9.204,0.0983,0.0776,0.00202,Calm
0.798,0.831,0.721,132.029,-4.481,0.697,0.171,5.87e-05,Happy
0.606,0.913,0.838,123.58,-6.039,0.246,0.0351,0.00696,Happy
0.669,0.449,0.327,114.924,-7.658,0.184,0.049,0.0,Sad
0.375,0.255,0.331,95.978,-12.279,0.815,0.0377,0.0,Sad
0.513,0.629,0.498,70.568,-9.055,0.0986,0.19,0.0,Calm
0.793,0.583,0.97,126.036,-5.973,0.106,0.247,1.07e-05,Calm
0.798,0.681,0.434,101.005,-4.818,0.219,0.0722,0.00197,Calm
0.701,0.638,0.646,109.96,-9.061,0.223,0.165,0.00219,Calm
0.779,0.852,0.601,119.892,-3.353,0.235,0.0651,0.0,Energetic
0.753,0.717,0.601,117.952,-8.438,0.151,0.0384,0.00258,Calm
0.788,0.627,0.909,118.093,-9.072,0.693,0.0751,0.0,Happy
0.872,0.708,0.308,130.081,-7.472,0.336,0.176,0.0,Calm
0.772,0.569,0.525,115.03,-7.006,0.235,0.062,0.0,Calm
0.872,0.709,0.309,130.081,-7.472,0.336,0.176,0.0,Calm
0.863,0.533,0.738,102.025,-7.986,0.291,0.0484,0.00126,Calm
0.621,0.873,0.873,97.96,-3.067,0.0406,0.0369,9.1e-06,Happy
0.598,0.924,0.611,168.017,-4.974,0.0205,0.0623,0.799,Energetic
0.731,0.664,0.661,118.018,-5.474,0.00307,0.0302,0.35,Calm
0.649,0.655,0.793,92.9,-5.534,0.307,0.0652,0.0,Happy
0.811,0.781,0.824,107.007,-6.333,0.376,0.0428,0.001,Happy
0.792,0.503,0.381,99.97,-8.044,0.0369,0.0626,0.00057,Calm
0.637,0.501,0.431,103.993,-6.148,0.229,0.187,5.91e-05,Calm
0.843,0.485,0.689,100.053,-8.735,0.181,0.195,0.0675,Calm
0.613,0.549,0.78,123.879,-8.187,0.097,0.231,0.0,Calm
0.788,0.649,0.229,113.009,-9.674,0.253,0.0532,0.0136,Calm
0.573,0.422,0.693,124.357,-7.621,0.551,0.0678,1.31e-05,Calm
0.711,0.725,0.53,105.016,-8.315,0.424,0.0941,0.129,Calm
0.724,0.809,0.606,99.005,-5.022,0.182,0.0929,0.0,Energetic
0.463,0.642,0.339,83.389,-4.474,0.314,0.34,0.0,Calm
0.645,0.89,0.421,126.881,-4.985,0.259,0.128,9.38e-06,Energetic
